"","SealID","Segment","d13C","d15N","Nubbin","WhiskerRow","WhiskerColumn","LengthRecovery","DistanceFromTip","DeploymentDate","RecoveryDate","X","Linf","k","DateWhenSegmentGrew","DeploymentDuration","SealDate","SevenDayAvg_d13C","SevenDayAvg_d15N","Lat","Lon","DaysSinceDeployment","Lon360","FiveDayDriftRate","ReprState"
"1","3190",16,-17.5,14.41,"yes",3,2,8.2,1.8,2014-06-01,2015-01-23,"",9.83,0.00761380898025595,2014-06-27,236,"3190-2014-06-27",-17.45,14.67,45.3004204120687,-140.124939917552,26.5641555658783,-140.124939917552,-0.241612820512821,"Pregnant"
"2","3190",15,-17.74,13.67,"yes",3,2,8.2,2.7,2014-06-01,2015-01-23,"",9.83,0.00761380898025595,2014-07-13,236,"3190-2014-07-13",-17.74,13.67,45.9916362795142,-141.934453797437,42.1770102934815,-141.934453797437,-0.231760317460317,"Pregnant"
"3","3190",11,-18.16,12.84,"yes",3,2,8.2,3.55,2014-06-01,2015-01-23,"",9.83,0.00761380898025595,2014-07-29,236,"3190-2014-07-29",-18.175,12.815,46.5846581712678,-142.186116729652,58.8495134092398,-142.186116729652,-0.205785714285714,"Pregnant"
"4","3190",12,-18.19,12.79,"yes",3,2,8.2,3.4,2014-06-01,2015-01-23,"",9.83,0.00761380898025595,2014-07-26,236,"3190-2014-07-26",-18.115,12.96,46.3614964178993,-141.599179288312,55.7492835728162,-141.599179288312,-0.218722848788638,"Pregnant"
"5","3190",13,-18.04,13.13,"yes",3,2,8.2,3.1,2014-06-01,2015-01-23,"",9.83,0.00761380898025595,2014-07-20,236,"3190-2014-07-20",-17.98,13.27,45.8552516827341,-141.871616413941,49.7600861126019,-141.871616413941,-0.222825,"Pregnant"
"6","3190",14,-17.92,13.41,"yes",3,2,8.2,3,2014-06-01,2015-01-23,"",9.83,0.00761380898025595,2014-07-18,236,"3190-2014-07-18",-17.83,13.54,45.69248592459,-141.959635004519,47.8228783412609,-141.959635004519,-0.226053571428571,"Pregnant"
"7","3190",1,-17.12,15.44,"yes",3,2,8.2,7.1,2014-06-01,2015-01-23,"",9.83,0.00761380898025595,2014-11-16,236,"3190-2014-11-16",-17.12,15.44,44.857705746774,-141.18093416915,168.264968071097,-141.18093416915,0.146809523809524,"Pregnant"
"8","3190",2,-17.15,15.46,"yes",3,2,8.2,6.745,2014-06-01,2015-01-23,"",9.83,0.00761380898025595,2014-10-31,236,"3190-2014-10-31",-17.15,15.46,44.9357566640435,-143.489539898002,152.208609357937,-143.489539898002,0.126936507936508,"Pregnant"
"9","3190",17,-17.4,14.93,"yes",3,2,8.2,1.42,2014-06-01,2015-01-23,"",9.83,0.00761380898025595,2014-06-21,236,"3190-2014-06-21",-17.51,14.975,43.1280283451556,-136.252851102221,20.4913809341413,-136.252851102221,-0.238196428571429,"Pregnant"
"10","3190",18,-17.62,15.02,"yes",3,2,8.2,1.065,2014-06-01,2015-01-23,"",9.83,0.00761380898025595,2014-06-16,236,"3190-2014-06-16",-17.765,15.095,41.7581763417395,-132.056385931158,15.0611101596113,-132.056385931158,-0.199476587301587,"Pregnant"
"11","3190",19,-17.91,15.17,"yes",3,2,8.2,0.71,2014-06-01,2015-01-23,"",9.83,0.00761380898025595,2014-06-10,236,"3190-2014-06-10",-17.91,15.17,38.9988885316483,-126.615616222332,9.84646847159498,-126.615616222332,-0.020587012987013,"Pregnant"
"12","3190",6,-17.55,14.48,"yes",3,2,8.2,5.325,2014-06-01,2015-01-23,"",9.83,0.00761380898025595,2014-09-11,236,"3190-2014-09-11",-17.55,14.48,47.6326102385558,-146.171845439893,102.478410624975,-146.171845439893,-0.141625,"Pregnant"
"13","3190",7,-17.75,14.07,"yes",3,2,8.2,4.5,2014-06-01,2015-01-23,"",9.83,0.00761380898025595,2014-08-20,236,"3190-2014-08-20",-17.845,13.885,47.508475080527,-143.325599510112,80.3917851851246,-143.325599510112,-0.122337121212121,"Pregnant"
"14","3190",8,-17.94,13.7,"yes",3,2,8.2,4.3,2014-06-01,2015-01-23,"",9.83,0.00761380898025595,2014-08-15,236,"3190-2014-08-15",-17.94,13.7,47.0881113902073,-142.55225121794,75.5536578493841,-142.55225121794,-0.149666666666667,"Pregnant"
"15","3190",9,-18.15,13.35,"yes",3,2,8.2,4,2014-06-01,2015-01-23,"",9.83,0.00761380898025595,2014-08-08,236,"3190-2014-08-08",-18.155,13.225,46.9776845591833,-142.731040225841,68.6150565572911,-142.731040225841,-0.192282167832168,"Pregnant"
"16","3190",10,-18.16,13.1,"yes",3,2,8.2,3.905,2014-06-01,2015-01-23,"",9.83,0.00761380898025595,2014-08-06,236,"3190-2014-08-06",-18.16,13.1,47.0127584729639,-143.028459603907,66.492113008179,-143.028459603907,-0.194451398601399,"Pregnant"
"17","3190",3,-17.25,15.51,"yes",3,2,8.2,6.39,2014-06-01,2015-01-23,"",9.83,0.00761380898025595,2014-10-16,236,"3190-2014-10-16",-17.25,15.51,44.4019346206078,-141.920615380236,137.903047672529,-141.920615380236,0.120485714285714,"Pregnant"
"18","3190",4,-17.18,15.55,"yes",3,2,8.2,6.035,2014-06-01,2015-01-23,"",9.83,0.00761380898025595,2014-10-04,236,"3190-2014-10-04",-17.18,15.55,46.1466680427402,-143.505539195323,125.003730167065,-143.505539195323,0.0841393939393939,"Pregnant"
"19","3190",5,-17.39,14.93,"yes",3,2,8.2,5.5,2014-06-01,2015-01-23,"",9.83,0.00761380898025595,2014-09-16,236,"3190-2014-09-16",-17.47,14.705,47.6891095114446,-146.919983318919,107.682159385764,-146.919983318919,0.0676666666666667,"Pregnant"
"20","3373",6,-17.32,12.62,"yes",3,2,8.5,5.1,2014-06-08,2015-02-04,"",9.83,0.00829983399139176,2014-09-04,241,"3373-2014-09-04",-17.325,12.625,42.92733061846,-169.324818719446,88.1359473471316,-169.324818719446,-0.143566666666667,"Pregnant"
"21","3373",10,-17.4,12.93,"yes",3,2,8.5,4.07,2014-06-08,2015-02-04,"",9.83,0.00829983399139176,2014-08-11,241,"3373-2014-08-11",-17.4,12.93,43.362372596207,-171.0861535305,64.3990542468235,-171.0861535305,-0.238529761904762,"Pregnant"
"22","3373",7,-17.33,12.63,"yes",3,2,8.5,5.05,2014-06-08,2015-02-04,"",9.83,0.00829983399139176,2014-09-02,241,"3373-2014-09-02",-17.29,12.695,42.7839446606242,-169.511020668674,86.8690130915272,-169.511020668674,-0.167233333333333,"Pregnant"
"23","3373",8,-17.25,12.76,"yes",3,2,8.5,4.81,2014-06-08,2015-02-04,"",9.83,0.00829983399139176,2014-08-27,241,"3373-2014-08-27",-17.25,12.76,43.4552653224753,-171.745751507416,80.9665592290654,-171.745751507416,-0.150166666666667,"Pregnant"
"24","3373",9,-17.35,12.8,"yes",3,2,8.5,4.44,2014-06-08,2015-02-04,"",9.83,0.00829983399139176,2014-08-19,241,"3373-2014-08-19",-17.35,12.8,42.3949645541929,-173.943779739777,72.3982612015362,-173.943779739777,-0.186970238095238,"Pregnant"
"30","3373",18,-17.73,13.42,"yes",3,2,8.5,1.11,2014-06-08,2015-02-04,"",9.83,0.00829983399139176,2014-06-22,241,"3373-2014-06-22",-17.91,13.66,38.4350955699901,-126.869515810719,14.4363967234117,-126.869515810719,-0.178666666666667,"Pregnant"
"32","3373",11,-17.54,12.96,"yes",3,2,8.5,3.7,2014-06-08,2015-02-04,"",9.83,0.00829983399139176,2014-08-03,241,"3373-2014-08-03",-17.54,12.96,44.6253011446437,-165.832899403494,56.8980276835351,-165.832899403494,-0.268208333333333,"Pregnant"
"33","3373",12,-17.31,13.27,"yes",3,2,8.5,3.33,2014-06-08,2015-02-04,"",9.83,0.00829983399139176,2014-07-27,241,"3373-2014-07-27",-17.335,13.29,45.9902986389301,-160.65566582949,49.836750673144,-160.65566582949,-0.153333333333333,"Pregnant"
"34","3373",13,-17.36,13.31,"yes",3,2,8.5,2.96,2014-06-08,2015-02-04,"",9.83,0.00829983399139176,2014-07-21,241,"3373-2014-07-21",-17.36,13.31,46.0990833271369,-154.440442707901,43.1665052935288,-154.440442707901,-0.27455,"Pregnant"
"35","3373",14,-17.28,13.32,"yes",3,2,8.5,2.59,2014-06-08,2015-02-04,"",9.83,0.00829983399139176,2014-07-14,241,"3373-2014-07-14",-17.4,13.26,46.3129025336789,-147.338019798354,36.8462463319909,-147.338019798354,-0.33,"Pregnant"
"37","3373",16,-17.53,13.29,"yes",3,2,8.5,2,2014-06-08,2015-02-04,"",9.83,0.00829983399139176,2014-07-05,241,"3373-2014-07-05",-17.525,13.215,44.3170777898037,-139.129302436567,27.4073462664777,-139.129302436567,-0.221,"Pregnant"
"39","3960",16,-17.7,14.18,"yes",3,2,9,1.7,2015-06-04,2016-02-02,"",9.83,0.0101718868821011,2015-06-22,243,"3960-2015-06-22",-17.7,14.285,42.5700127539108,-131.882621332657,18.6669408341,-131.882621332657,-0.213714285714286,"Pregnant"
"40","3960",4,-17.68,13.32,"yes",3,2,9,6.7,2015-06-04,2016-02-02,"",9.83,0.0101718868821011,2015-09-24,243,"3960-2015-09-24",-17.68,13.32,45.8215473371624,-165.761686226664,112.506749521643,-165.761686226664,-0.0648,"Pregnant"
"41","3960",5,-17.51,13.56,"yes",3,2,9,6.3,2015-06-04,2016-02-02,"",9.83,0.0101718868821011,2015-09-12,243,"3960-2015-09-12",-17.51,13.56,44.4307473729425,-166.375923906298,100.683489217325,-166.375923906298,-0.189234126984127,"Pregnant"
"42","3960",17,-17.7,14.39,"yes",3,2,9,1.5,2015-06-04,2016-02-02,"",9.83,0.0101718868821011,2015-06-20,243,"3960-2015-06-20",-17.7,14.39,41.5762031184076,-130.147152291522,16.2777545503058,-130.147152291522,-0.22,"Pregnant"
"43","3960",18,-17.99,14.82,"yes",3,2,9,0.9,2015-06-04,2016-02-02,"",9.83,0.0101718868821011,2015-06-13,243,"3960-2015-06-13",-17.99,14.82,37.7917748011622,-124.918088270976,9.43999283354315,-124.918088270976,-0.0185,"Pregnant"
"44","3960",14,-17.51,13.81,"yes",3,2,9,2.7,2015-06-04,2016-02-02,"",9.83,0.0101718868821011,2015-07-05,243,"3960-2015-07-05",-17.57,13.82,45.2805826977915,-144.095848433039,31.570121006549,-144.095848433039,-0.337154761904762,"Pregnant"
"45","3960",15,-17.63,13.83,"yes",3,2,9,2.3,2015-06-04,2016-02-02,"",9.83,0.0101718868821011,2015-06-30,243,"3960-2015-06-30",-17.63,13.83,45.1385296455506,-139.39739282132,26.2039772400812,-139.39739282132,-0.291333333333333,"Pregnant"
"46","3960",1,-17.38,14.26,"yes",3,2,9,7.9,2015-06-04,2016-02-02,"",9.83,0.0101718868821011,2015-11-11,243,"3960-2015-11-11",-17.38,14.26,46.0547289742053,-156.369667183489,160.040998303554,-156.369667183489,0.096,"Pregnant"
"47","3960",2,-17.61,13.66,"yes",3,2,9,7.5,2015-06-04,2016-02-02,"",9.83,0.0101718868821011,2015-10-23,243,"3960-2015-10-23",-17.61,13.66,46.2933442937987,-162.173685111407,141.524447063464,-162.173685111407,0.0418833333333333,"Pregnant"
"48","3960",3,-17.7,13.4,"yes",3,2,9,7.1,2015-06-04,2016-02-02,"",9.83,0.0101718868821011,2015-10-07,243,"3960-2015-10-07",-17.7,13.4,46.7201394653481,-164.142614629391,125.948837203113,-164.142614629391,-0.09675,"Pregnant"
"49","3960",8,-17.32,13.72,"yes",3,2,9,5.1,2015-06-04,2016-02-02,"",9.83,0.0101718868821011,2015-08-14,243,"3960-2015-08-14",-17.32,13.72,43.0409120288291,-169.265637621715,71.915244451099,-169.265637621715,-0.2774,"Pregnant"
"50","3960",9,-17.32,13.69,"yes",3,2,9,4.7,2015-06-04,2016-02-02,"",9.83,0.0101718868821011,2015-08-06,243,"3960-2015-08-06",-17.32,13.69,43.5427137917953,-169.252800935086,63.9343793844928,-169.252800935086,-0.284342857142857,"Pregnant"
"51","3960",6,-17.32,13.71,"yes",3,2,9,5.9,2015-06-04,2016-02-02,"",9.83,0.0101718868821011,2015-09-02,243,"3960-2015-09-02",-17.32,13.71,44.4409924827373,-166.586891947874,90.1307219500371,-166.586891947874,-0.243310714285714,"Pregnant"
"52","3960",7,-17.33,13.68,"yes",3,2,9,5.5,2015-06-04,2016-02-02,"",9.83,0.0101718868821011,2015-08-23,243,"3960-2015-08-23",-17.33,13.68,44.1701428895097,-167.984539488576,80.6017016948318,-167.984539488576,-0.263521428571429,"Pregnant"
"53","3960",12,-17.4,13.73,"yes",3,2,9,3.5,2015-06-04,2016-02-02,"",9.83,0.0101718868821011,2015-07-17,243,"3960-2015-07-17",-17.415,13.74,44.8249525131931,-155.48946981365,43.2701133137334,-155.48946981365,-0.334760989010989,"Pregnant"
"54","3960",13,-17.43,13.75,"yes",3,2,9,3.1,2015-06-04,2016-02-02,"",9.83,0.0101718868821011,2015-07-11,243,"3960-2015-07-11",-17.47,13.78,45.6170519734084,-149.785786516108,37.246166310509,-149.785786516108,-0.259964285714286,"Pregnant"
"55","3960",10,-17.32,13.79,"yes",3,2,9,4.3,2015-06-04,2016-02-02,"",9.83,0.0101718868821011,2015-07-30,243,"3960-2015-07-30",-17.32,13.79,42.9596329880396,-164.865712099572,56.5530393025776,-164.865712099572,-0.310243939393939,"Pregnant"
"56","3960",11,-17.34,13.8,"yes",3,2,9,3.9,2015-06-04,2016-02-02,"",9.83,0.0101718868821011,2015-07-23,243,"3960-2015-07-23",-17.37,13.765,44.4633158876373,-160.114260141389,49.6874107043804,-160.114260141389,-0.316553571428571,"Pregnant"
"57","4179",2,-17.13,15.69,"yes",3,2,7.9,6.3,2015-06-03,2016-02-01,"",9.83,0.00669925486107935,2015-11-02,243,"4179-2015-11-02",-17.13,15.69,47.5984979837779,-137.620891764603,152.873876938734,-137.620891764603,0.0970928571428572,"Pregnant"
"58","4179",1,-17.09,15.77,"yes",3,2,7.9,6.8,2015-06-03,2016-02-01,"",9.83,0.00669925486107935,2015-11-25,243,"4179-2015-11-25",-17.09,15.77,47.4021170277485,-131.781713535795,175.672718689224,-131.781713535795,0.120683333333333,"Pregnant"
"59","4179",12,-17.65,15.99,"yes",3,2,7.9,1.6,2015-06-03,2016-02-01,"",9.83,0.00669925486107935,2015-06-29,243,"4179-2015-06-29",-17.8,15.87,45.0668542867223,-133.583923865772,26.5183103425746,-133.583923865772,-0.326583333333333,"Pregnant"
"60","4179",13,-17.95,15.75,"yes",3,2,7.9,1.3,2015-06-03,2016-02-01,"",9.83,0.00669925486107935,2015-06-24,243,"4179-2015-06-24",-17.95,15.75,42.7536855520605,-131.070252968142,21.1739328622349,-131.070252968142,-0.3275,"Pregnant"
"61","4179",3,-17.15,15.6,"yes",3,2,7.9,5.9,2015-06-03,2016-02-01,"",9.83,0.00669925486107935,2015-10-17,243,"4179-2015-10-17",-17.15,15.6,47.824499748592,-142.171187121089,136.850967352239,-142.171187121089,0.0799785714285715,"Pregnant"
"62","4179",4,-17.24,15.52,"yes",3,2,7.9,5.5,2015-06-03,2016-02-01,"",9.83,0.00669925486107935,2015-10-03,243,"4179-2015-10-03",-17.24,15.52,47.766688496577,-142.057526575098,122.382475237341,-142.057526575098,0.09725,"Pregnant"
"63","4179",5,-17.42,15.61,"yes",3,2,7.9,5.1,2015-06-03,2016-02-01,"",9.83,0.00669925486107935,2015-09-20,243,"4179-2015-09-20",-17.42,15.61,48.7498887397256,-143.826204627855,109.193297885278,-143.826204627855,-0.10375,"Pregnant"
"64","4179",7,-17.37,15.19,"yes",3,2,7.9,4.1,2015-06-03,2016-02-01,"",9.83,0.00669925486107935,2015-08-22,243,"4179-2015-08-22",-17.37,15.19,47.4262358115661,-144.237879320001,80.5646918387987,-144.237879320001,-0.146188095238095,"Pregnant"
"65","4179",8,-17.4,15.18,"yes",3,2,7.9,3.6,2015-06-03,2016-02-01,"",9.83,0.00669925486107935,2015-08-10,243,"4179-2015-08-10",-17.4,15.18,47.3960252501138,-143.681839677453,68.0766161038727,-143.681839677453,-0.184934615384615,"Pregnant"
"66","4179",9,-17.35,15.38,"yes",3,2,7.9,3.1,2015-06-03,2016-02-01,"",9.83,0.00669925486107935,2015-07-29,243,"4179-2015-07-29",-17.35,15.38,45.5592027963419,-145.324064815549,56.5531239456987,-145.324064815549,-0.229539682539683,"Pregnant"
"67","4179",10,-17.44,15.31,"yes",3,2,7.9,2.6,2015-06-03,2016-02-01,"",9.83,0.00669925486107935,2015-07-18,243,"4179-2015-07-18",-17.44,15.31,47.0637086693741,-144.838431970857,45.8558308884667,-144.838431970857,-0.273747863247863,"Pregnant"
"68","4179",11,-17.49,15.64,"yes",3,2,7.9,2.2,2015-06-03,2016-02-01,"",9.83,0.00669925486107935,2015-07-10,243,"4179-2015-07-10",-17.49,15.64,47.725220214349,-141.933385337698,37.8178012504953,-141.933385337698,-0.267371428571429,"Pregnant"
"69","4209",3,-17.13,15.14,"yes",3,2,8.4,6.5,2016-06-02,2017-01-27,"",9.83,0.00806596020873331,2016-10-14,239,"4209-2016-10-14",-17.13,15.14,49.2996249296755,-131.370774111996,134.201831171286,-131.370774111996,-0.197319230769231,"Pregnant"
"70","4209",2,-17.18,15.1,"yes",3,2,8.4,6.9,2016-06-02,2017-01-27,"",9.83,0.00806596020873331,2016-10-30,239,"4209-2016-10-30",-17.18,15.1,51.208259211187,-132.374097733356,150.067255454535,-132.374097733356,-0.205160714285714,"Pregnant"
"71","4209",12,-16.78,16.05,"yes",3,2,8.4,2.7,2016-06-02,2017-01-27,"",9.83,0.00806596020873331,2016-07-11,239,"4209-2016-07-11",-16.78,16.05,50.1291617365081,-131.336940697455,39.8127056695852,-131.336940697455,-0.361720779220779,"Pregnant"
"72","4209",13,-18.37,15.76,"yes",3,2,8.4,2.2,2016-06-02,2017-01-27,"",9.83,0.00806596020873331,2016-07-03,239,"4209-2016-07-03",-18.37,15.76,47.1183374054442,-125.451865020889,31.4099105756068,-125.451865020889,-0.274733333333333,"Pregnant"
"73","4209",14,-17.57,15.09,"yes",3,2,8.4,1.7,2016-06-02,2017-01-27,"",9.83,0.00806596020873331,2016-06-25,239,"4209-2016-06-25",-17.6,15.225,41.9138088309116,-127.1819599621,23.5406579856133,-127.1819599621,-0.250833333333333,"Pregnant"
"74","4209",15,-17.63,15.36,"yes",3,2,8.4,1.3,2016-06-02,2017-01-27,"",9.83,0.00806596020873331,2016-06-19,239,"4209-2016-06-19",-17.63,15.36,37.350032762111,-125.225351685316,17.5861979212253,-125.225351685316,0.00995833333333333,"Pregnant"
"75","4209",6,-17.4,14.89,"yes",3,2,8.4,5.3,2016-06-02,2017-01-27,"",9.83,0.00806596020873331,2016-09-06,239,"4209-2016-09-06",-17.4,14.89,49.4385920849412,-135.383828976147,96.0477084706337,-135.383828976147,-0.282202922077922,"Pregnant"
"76","4209",7,-17.16,15.19,"yes",3,2,8.4,4.9,2016-06-02,2017-01-27,"",9.83,0.00806596020873331,2016-08-26,239,"4209-2016-08-26",-17.16,15.19,50.0121073941512,-128.85035128694,85.5570729641451,-128.85035128694,-0.249358099906629,"Pregnant"
"77","4209",4,-17.22,15.18,"yes",3,2,8.4,6.1,2016-06-02,2017-01-27,"",9.83,0.00806596020873331,2016-09-30,239,"4209-2016-09-30",-17.22,15.18,49.8678553452159,-132.718894198439,120.138294192693,-132.718894198439,-0.246314536340852,"Pregnant"
"78","4209",5,-17.24,14.99,"yes",3,2,8.4,5.7,2016-06-02,2017-01-27,"",9.83,0.00806596020873331,2016-09-17,239,"4209-2016-09-17",-17.24,14.99,49.293118802708,-138.134962612298,107.508778216786,-138.134962612298,-0.225866666666667,"Pregnant"
"79","4209",10,-16.92,15.45,"yes",3,2,8.4,3.6,2016-06-02,2017-01-27,"",9.83,0.00806596020873331,2016-07-28,239,"4209-2016-07-28",-16.92,15.45,48.7350928615228,-129.955213050263,56.541637890292,-129.955213050263,-0.340218253968254,"Pregnant"
"81","4209",8,-17.01,15.28,"yes",3,2,8.4,4.5,2016-06-02,2017-01-27,"",9.83,0.00806596020873331,2016-08-16,239,"4209-2016-08-16",-17.01,15.28,45.5652911979359,-125.690592163177,75.8852858359753,-125.690592163177,-0.248578754578755,"Pregnant"
"82","4209",9,-16.81,15.48,"yes",3,2,8.4,4.1,2016-06-02,2017-01-27,"",9.83,0.00806596020873331,2016-08-07,239,"4209-2016-08-07",-16.81,15.48,45.3922114110311,-126.275666500416,66.9137200612575,-126.275666500416,-0.299156168831169,"Pregnant"
"83","5572",2,-17.29,15.37,"yes",3,2,9.4,8,2016-06-07,2017-02-01,"",9.83,0.0130937615249105,2016-10-13,239,"5572-2016-10-13",-17.29,15.37,50.1184455597194,-142.260603434316,128.391139865153,-142.260603434316,0.0705444444444444,"Pregnant"
"84","5572",3,-17.54,14.77,"yes",3,2,9.4,7.7,2016-06-07,2017-02-01,"",9.83,0.0130937615249105,2016-10-01,239,"5572-2016-10-01",-17.54,14.77,49.9924819641128,-141.820089563933,116.797373430721,-141.820089563933,0.0859555555555555,"Pregnant"
"85","5572",4,-17.64,14.43,"yes",3,2,9.4,7.3,2016-06-07,2017-02-01,"",9.83,0.0130937615249105,2016-09-18,239,"5572-2016-09-18",-17.64,14.43,49.9189440973967,-141.522281179294,103.653914029027,-141.522281179294,-0.184661111111111,"Pregnant"
"86","5572",5,-17.65,14.18,"yes",3,2,9.4,7,2016-06-07,2017-02-01,"",9.83,0.0130937615249105,2016-09-10,239,"5572-2016-09-10",-17.65,14.18,48.7785961669557,-139.835108464596,95.095837825901,-139.835108464596,-0.193034126984127,"Pregnant"
"87","5572",6,-17.79,14.06,"yes",3,2,9.4,6.6,2016-06-07,2017-02-01,"",9.83,0.0130937615249105,2016-08-30,239,"5572-2016-08-30",-17.79,14.06,47.1151746639085,-138.210361021291,84.9990123011751,-138.210361021291,-0.156092063492064,"Pregnant"
"88","5572",7,-17.83,14.06,"yes",3,2,9.4,6.2,2016-06-07,2017-02-01,"",9.83,0.0130937615249105,2016-08-22,239,"5572-2016-08-22",-17.83,14.06,46.8094248879696,-138.361043278424,76.0825133394284,-138.361043278424,-0.194227272727273,"Pregnant"
"89","5572",8,-17.77,14.24,"yes",3,2,9.4,5.8,2016-06-07,2017-02-01,"",9.83,0.0130937615249105,2016-08-14,239,"5572-2016-08-14",-17.77,14.24,47.0795315809862,-138.579931192896,68.0990375839753,-138.579931192896,-0.218672915972916,"Pregnant"
"90","5572",9,-17.94,14.34,"yes",3,2,9.4,5.3,2016-06-07,2017-02-01,"",9.83,0.0130937615249105,2016-08-05,239,"5572-2016-08-05",-17.94,14.34,46.9371483196321,-138.902130887103,59.1668783023319,-138.902130887103,-0.256196428571429,"Pregnant"
"91","5572",10,-17.9,14.52,"yes",3,2,9.4,4.9,2016-06-07,2017-02-01,"",9.83,0.0130937615249105,2016-07-29,239,"5572-2016-07-29",-17.83,14.605,45.6367614221214,-136.8687190339,52.7044841004329,-136.8687190339,-0.261413780663781,"Pregnant"
"92","5572",11,-17.76,14.69,"yes",3,2,9.4,4.5,2016-06-07,2017-02-01,"",9.83,0.0130937615249105,2016-07-23,239,"5572-2016-07-23",-17.68,14.925,44.8745991559797,-137.456337984743,46.746513201484,-137.456337984743,-0.279217424242424,"Pregnant"
"93","5572",12,-17.6,15.16,"yes",3,2,9.4,4.1,2016-06-07,2017-02-01,"",9.83,0.0130937615249105,2016-07-18,239,"5572-2016-07-18",-17.6,15.16,44.8305635394531,-138.078430965653,41.2198895180446,-138.078430965653,-0.295515909090909,"Pregnant"
"94","5572",13,-17.55,15.75,"yes",3,2,9.4,3.6,2016-06-07,2017-02-01,"",9.83,0.0130937615249105,2016-07-11,239,"5572-2016-07-11",-17.49,15.865,45.4243210784495,-140.006939762299,34.8305260098174,-140.006939762299,-0.277888888888889,"Pregnant"
"95","5572",14,-17.43,15.98,"yes",3,2,9.4,3.1,2016-06-07,2017-02-01,"",9.83,0.0130937615249105,2016-07-05,239,"5572-2016-07-05",-17.52,16.12,46.2123928226729,-136.466256669366,28.9346792960636,-136.466256669366,-0.32267803030303,"Pregnant"
"96","5572",15,-17.61,16.26,"yes",3,2,9.4,2.5,2016-06-07,2017-02-01,"",9.83,0.0130937615249105,2016-06-29,239,"5572-2016-06-29",-17.64,16.16,44.6300429009024,-133.810721049673,22.412460903782,-133.810721049673,-0.278327272727273,"Pregnant"
"97","5572",16,-17.67,16.06,"yes",3,2,9.4,2.1,2016-06-07,2017-02-01,"",9.83,0.0130937615249105,2016-06-25,239,"5572-2016-06-25",-17.735,16.1,43.1536282193799,-131.460231620675,18.3545477823582,-131.460231620675,-0.298916666666667,"Pregnant"
"98","5572",17,-17.8,16.14,"yes",3,2,9.4,1.5,2016-06-07,2017-02-01,"",9.83,0.0130937615249105,2016-06-19,239,"5572-2016-06-19",-17.8,16.14,40.9390055271989,-127.93449670211,12.6453714362615,-127.93449670211,-0.3062,"Pregnant"
"101","5624",3,-17.44,13.76,"yes",3,2,7.6,5.7,2015-05-27,2016-01-25,"",9.83,0.0061046804472718,2015-10-16,243,"5624-2015-10-16",-17.44,13.76,46.0259566846257,-158.534898777669,142.048635416072,-158.534898777669,0.1019,"Pregnant"
"102","5624",12,-18.04,14.13,"yes",3,2,7.6,1.1,2015-05-27,2016-01-25,"",9.83,0.0061046804472718,2015-06-15,243,"5624-2015-06-15",-18.04,14.13,40.9791111744444,-125.940656131501,19.4397668039468,-125.940656131501,-0.307733333333333,"Pregnant"
"103","5624",4,-17.44,13.38,"yes",3,2,7.6,5.3,2015-05-27,2016-01-25,"",9.83,0.0061046804472718,2015-09-30,243,"5624-2015-09-30",-17.44,13.38,46.1306905209719,-158.632244122835,126.905413208049,-158.632244122835,0.119161904761905,"Pregnant"
"104","5624",5,-17.62,13.5,"yes",3,2,7.6,5,2015-05-27,2016-01-25,"",9.83,0.0061046804472718,2015-09-20,243,"5624-2015-09-20",-17.62,13.5,46.6338551819248,-159.202403324158,116.401255173344,-159.202403324158,0.0281666666666667,"Pregnant"
"105","5624",6,-17.54,13.42,"yes",3,2,7.6,4.5,2015-05-27,2016-01-25,"",9.83,0.0061046804472718,2015-09-04,243,"5624-2015-09-04",-17.54,13.42,46.3903451327275,-159.398098555597,100.265313027951,-159.398098555597,-0.155014285714286,"Pregnant"
"106","5624",7,-17.69,13.58,"yes",3,2,7.6,4,2015-05-27,2016-01-25,"",9.83,0.0061046804472718,2015-08-20,243,"5624-2015-08-20",-17.69,13.58,46.0339154287464,-159.884877537532,85.5772776821035,-159.884877537532,-0.164201139546728,"Pregnant"
"107","5624",8,-17.82,13.53,"yes",3,2,7.6,3.5,2015-05-27,2016-01-25,"",9.83,0.0061046804472718,2015-08-07,243,"5624-2015-08-07",-17.82,13.53,46.8056532200464,-159.63038970413,72.0985646676521,-159.63038970413,-0.253731934731935,"Pregnant"
"108","5624",9,-17.67,13.56,"yes",3,2,7.6,3,2015-05-27,2016-01-25,"",9.83,0.0061046804472718,2015-07-25,243,"5624-2015-07-25",-17.67,13.56,48.9926461359946,-153.786282090838,59.6450975151526,-153.786282090838,-0.160042857142857,"Pregnant"
"109","5624",10,-17.58,13.87,"yes",3,2,7.6,2.5,2015-05-27,2016-01-25,"",9.83,0.0061046804472718,2015-07-14,243,"5624-2015-07-14",-17.58,13.87,50.2733532274127,-144.754678700705,48.0718721963024,-144.754678700705,-0.269510822510823,"Pregnant"
"110","5624",11,-17.99,14.4,"yes",3,2,7.6,1.7,2015-05-27,2016-01-25,"",9.83,0.0061046804472718,2015-06-27,243,"5624-2015-06-27",-17.99,14.4,46.7271710282526,-131.228482443733,31.1036772914479,-131.228482443733,-0.367416666666667,"Pregnant"
"111","5974",1,-17.19,15.73,"yes",4,1,12.7,11.6,2020-06-18,2021-02-03,"",14.41,0.00926708278042114,2020-12-11,230,"5974-2020-12-11",-17.19,15.73,41.42144429,-153.2581404,176.402646377514,-153.2581404,0.134833333333333,"Pregnant"
"112","5974",2,-17.3,15.51,"yes",4,1,12.7,11.3,2020-06-18,2021-02-03,"",14.41,0.00926708278042114,2020-11-30,230,"5974-2020-11-30",-17.3,15.51,41.10863512,-155.7666757,165.45656493538,-155.7666757,0.1092,"Pregnant"
"113","5974",3,-17.32,15.45,"yes",4,1,12.7,11,2020-06-18,2021-02-03,"",14.41,0.00926708278042114,2020-11-20,230,"5974-2020-11-20",-17.32,15.45,42.744370595,-163.5042477,155.519288309468,-163.5042477,0.129,"Pregnant"
"114","5974",4,-17.34,15.17,"yes",4,1,12.7,10.7,2020-06-18,2021-02-03,"",14.41,0.00926708278042114,2020-11-11,230,"5974-2020-11-11",-17.34,15.17,42.77126943,-165.82326205,146.420461060178,-165.82326205,0.0767142857142857,"Pregnant"
"115","5974",5,-17.34,15,"yes",4,1,12.7,10.4,2020-06-18,2021-02-03,"",14.41,0.00926708278042114,2020-11-03,230,"5974-2020-11-03",-17.34,15,43.517632335,-165.69394495,138.029539500326,-165.69394495,0.100785714285714,"Pregnant"
"116","5974",6,-17.49,14.99,"yes",4,1,12.7,10,2020-06-18,2021-02-03,"",14.41,0.00926708278042114,2020-10-23,230,"5974-2020-10-23",-17.49,14.99,42.53659604,-167.4033786,127.769196478341,-167.4033786,0.110333333333333,"Pregnant"
"117","5974",7,-17.51,14.32,"yes",4,1,12.7,9.7,2020-06-18,2021-02-03,"",14.41,0.00926708278042114,2020-10-16,230,"5974-2020-10-16",-17.505,14.215,42.540024345,-167.500102,120.667369492548,-167.500102,0.0802727272727273,"Pregnant"
"118","5974",8,-17.5,14.11,"yes",4,1,12.7,9.4,2020-06-18,2021-02-03,"",14.41,0.00926708278042114,2020-10-10,230,"5974-2020-10-10",-17.5,14.11,41.24457299,-166.66871535,114.004214697069,-166.66871535,-0.00791666666666668,"Pregnant"
"119","5974",9,-17.56,13.83,"yes",4,1,12.7,9.1,2020-06-18,2021-02-03,"",14.41,0.00926708278042114,2020-10-03,230,"5974-2020-10-03",-17.56,13.83,41.53376606,-167.7906015,107.728677774066,-167.7906015,-0.0661666666666667,"Pregnant"
"120","5974",10,-17.62,13.55,"yes",4,1,12.7,8.7,2020-06-18,2021-02-03,"",14.41,0.00926708278042114,2020-09-25,230,"5974-2020-09-25",-17.63,13.53,42.36309856,-169.3194462,99.8915633190699,-169.3194462,-0.0968769841269841,"Pregnant"
"121","5974",11,-17.64,13.51,"yes",4,1,12.7,8.4,2020-06-18,2021-02-03,"",14.41,0.00926708278042114,2020-09-20,230,"5974-2020-09-20",-17.665,13.465,44.80356107,-168.89566275,94.3660137915142,-168.89566275,-0.0862857142857143,"Pregnant"
"122","5974",12,-17.69,13.42,"yes",4,1,12.7,8.1,2020-06-18,2021-02-03,"",14.41,0.00926708278042114,2020-09-15,230,"5974-2020-09-15",-17.69,13.42,45.447347705,-171.83600835,89.1096748593808,-171.83600835,-0.119633333333333,"Pregnant"
"123","5974",13,-17.59,13.35,"yes",4,1,12.7,7.7,2020-06-18,2021-02-03,"",14.41,0.00926708278042114,2020-09-08,230,"5974-2020-09-08",-17.555,13.355,45.832445375,-172.58864125,82.4772452278766,-172.58864125,-0.156632142857143,"Pregnant"
"124","5974",14,-17.52,13.36,"yes",4,1,12.7,7.4,2020-06-18,2021-02-03,"",14.41,0.00926708278042114,2020-09-03,230,"5974-2020-09-03",-17.565,13.51,45.24351911,-172.8962934,77.7574481677595,-172.8962934,-0.137635930735931,"Pregnant"
"125","5974",15,-17.61,13.66,"yes",4,1,12.7,7.1,2020-06-18,2021-02-03,"",14.41,0.00926708278042114,2020-08-30,230,"5974-2020-08-30",-17.6,13.48,44.295488675,-172.86517575,73.2354671184774,-172.86517575,-0.184948484848485,"Pregnant"
"126","5974",16,-17.59,13.3,"yes",4,1,12.7,6.8,2020-06-18,2021-02-03,"",14.41,0.00926708278042114,2020-08-25,230,"5974-2020-08-25",-17.6,13.345,44.84865438,-173.02604535,68.8953852324188,-173.02604535,-0.2202,"Pregnant"
"127","5974",17,-17.61,13.39,"yes",4,1,12.7,6.5,2020-06-18,2021-02-03,"",14.41,0.00926708278042114,2020-08-21,230,"5974-2020-08-21",-17.605,13.395,44.51526792,-172.5613089,64.7231326668489,-172.5613089,-0.199339285714286,"Pregnant"
"128","5974",18,-17.6,13.4,"yes",4,1,12.7,6.2,2020-06-18,2021-02-03,"",14.41,0.00926708278042114,2020-08-17,230,"5974-2020-08-17",-17.575,13.415,44.672621745,-172.1144129,60.7062114234765,-172.1144129,-0.208069444444444,"Pregnant"
"129","5974",19,-17.55,13.43,"yes",4,1,12.7,5.8,2020-06-18,2021-02-03,"",14.41,0.00926708278042114,2020-08-12,230,"5974-2020-08-12",-17.52,13.425,44.96290105,-170.14954535,55.5728381600121,-170.14954535,-0.184469047619048,"Pregnant"
"130","5974",20,-17.49,13.42,"yes",4,1,12.7,5.5,2020-06-18,2021-02-03,"",14.41,0.00926708278042114,2020-08-08,230,"5974-2020-08-08",-17.445,13.465,44.865185025,-168.66840765,51.8769692598835,-168.66840765,-0.189888888888889,"Pregnant"
"131","5974",21,-17.4,13.51,"yes",4,1,12.7,5.2,2020-06-18,2021-02-03,"",14.41,0.00926708278042114,2020-08-05,230,"5974-2020-08-05",-17.4,13.565,45.6788538,-165.3133185,48.3035028768634,-165.3133185,-0.203833333333333,"Pregnant"
"132","5974",22,-17.4,13.62,"yes",4,1,12.7,4.8,2020-06-18,2021-02-03,"",14.41,0.00926708278042114,2020-07-31,230,"5974-2020-07-31",-17.37,13.635,46.30780712,-159.2565001,43.7158269358647,-159.2565001,-0.127008080808081,"Pregnant"
"133","5974",23,-17.34,13.65,"yes",4,1,12.7,4.4,2020-06-18,2021-02-03,"",14.41,0.00926708278042114,2020-07-27,230,"5974-2020-07-27",-17.35,13.635,45.78283696,-158.1579873,39.3152651505448,-158.1579873,-0.154272727272727,"Pregnant"
"134","5974",24,-17.36,13.62,"yes",4,1,12.7,4,2020-06-18,2021-02-03,"",14.41,0.00926708278042114,2020-07-23,230,"5974-2020-07-23",-17.365,13.655,44.696919285,-150.32090175,35.0871504106483,-150.32090175,-0.191473484848485,"Pregnant"
"135","5974",25,-17.37,13.69,"yes",4,1,12.7,3.6,2020-06-18,2021-02-03,"",14.41,0.00926708278042114,2020-07-19,230,"5974-2020-07-19",-17.37,13.66,44.364765375,-149.33691395,31.0184753035368,-149.33691395,-0.236645454545455,"Pregnant"
"136","5974",26,-17.37,13.63,"yes",4,1,12.7,3.2,2020-06-18,2021-02-03,"",14.41,0.00926708278042114,2020-07-15,230,"5974-2020-07-15",-17.4233333333333,13.7533333333333,44.15157283,-144.0243039,27.0976507793698,-144.0243039,-0.258160714285714,"Pregnant"
"137","5974",27,-17.43,13.81,"yes",4,1,12.7,2.9,2020-06-18,2021-02-03,"",14.41,0.00926708278042114,2020-07-12,230,"5974-2020-07-12",-17.45,13.815,43.805599275,-141.70853545,24.2477802995786,-141.70853545,-0.273867857142857,"Pregnant"
"138","5974",28,-17.47,13.82,"yes",4,1,12.7,2.6,2020-06-18,2021-02-03,"",14.41,0.00926708278042114,2020-07-09,230,"5974-2020-07-09",-17.475,13.59,43.37016635,-141.35959345,21.4712423010364,-141.35959345,-0.305666666666667,"Pregnant"
"139","5974",29,-17.48,13.36,"yes",4,1,12.7,2.2,2020-06-18,2021-02-03,"",14.41,0.00926708278042114,2020-07-05,230,"5974-2020-07-05",-17.6366666666667,13.98,42.81314277,-136.12262535,17.8769442136448,-136.12262535,-0.174677380952381,"Pregnant"
"140","5974",30,-17.67,14.06,"yes",4,1,12.7,1.8,2020-06-18,2021-02-03,"",14.41,0.00926708278042114,2020-07-02,230,"5974-2020-07-02",-17.715,14.29,41.648037575,-131.95713315,14.3985181956628,-131.95713315,-0.119433333333333,"Pregnant"
"141","5974",31,-17.76,14.52,"yes",4,1,12.7,1.4,2020-06-18,2021-02-03,"",14.41,0.00926708278042114,2020-06-29,230,"5974-2020-06-29",-17.8,14.98,40.758942785,-128.4331433,11.0287260736415,-128.4331433,-0.117083333333333,"Pregnant"
"142","5974",32,-17.84,15.44,"yes",4,1,12.7,0.9,2020-06-18,2021-02-03,"",14.41,0.00926708278042114,2020-06-24,230,"5974-2020-06-24",-17.84,15.44,37.676476865,-125.69634705,6.95928368909767,-125.69634705,0.0737380952380952,"Pregnant"
"143","6118",1,-17.03,15.02,"yes",3,2,9,8,2016-06-10,2017-01-30,"",9.83,0.0105631133006435,2016-11-16,234,"6118-2016-11-16",-17.03,15.02,41.6418124972164,-151.28653952513,159.150329969793,-151.28653952513,0.174520202020202,"Pregnant"
"144","6118",2,-17.14,14.91,"yes",3,2,9,7.5,2016-06-10,2017-01-30,"",9.83,0.0105631133006435,2016-10-24,234,"6118-2016-10-24",-17.14,14.91,42.0597987544566,-152.835528481923,136.282800875927,-152.835528481923,0.144233134920635,"Pregnant"
"145","6118",3,-17.06,14.85,"yes",3,2,9,7.1,2016-06-10,2017-01-30,"",9.83,0.0105631133006435,2016-10-09,234,"6118-2016-10-09",-17.06,14.85,42.7564389592716,-155.014307088842,121.284065454845,-155.014307088842,0.16375,"Pregnant"
"146","6118",4,-17.14,14.85,"yes",3,2,9,6.7,2016-06-10,2017-01-30,"",9.83,0.0105631133006435,2016-09-26,234,"6118-2016-09-26",-17.14,14.85,42.5700335555523,-157.532050060654,108.33983287269,-157.532050060654,-0.086947619047619,"Pregnant"
"147","6118",12,-17.06,14.5,"yes",3,2,9,3,2016-06-10,2017-01-30,"",9.83,0.0105631133006435,2016-07-14,234,"6118-2016-07-14",-17.06,14.5,44.4625203201295,-150.018340884556,34.4703545453951,-150.018340884556,-0.252527777777778,"Pregnant"
"148","6118",13,-17.1,14.42,"yes",3,2,9,2.4,2016-06-10,2017-01-30,"",9.83,0.0105631133006435,2016-07-06,234,"6118-2016-07-06",-17.1,14.42,44.2355925656576,-143.856483014421,26.499107551216,-143.856483014421,-0.2522,"Pregnant"
"149","6118",14,-17.26,14.53,"yes",3,2,9,1.8,2016-06-10,2017-01-30,"",9.83,0.0105631133006435,2016-06-29,234,"6118-2016-06-29",-17.445,14.825,43.1198860433807,-137.697532850646,19.147234384779,-137.697532850646,-0.17831746031746,"Pregnant"
"150","6118",15,-17.63,15.12,"yes",3,2,9,1.5,2016-06-10,2017-01-30,"",9.83,0.0105631133006435,2016-06-25,234,"6118-2016-06-25",-17.63,15.12,41.5876334582323,-134.470553061721,15.6748747521501,-134.470553061721,-0.0936071428571429,"Pregnant"
"151","6118",7,-17.06,14.94,"yes",3,2,9,5.3,2016-06-10,2017-01-30,"",9.83,0.0105631133006435,2016-08-22,234,"6118-2016-08-22",-17.06,14.94,43.2381821576957,-164.213875710493,73.3417291488223,-164.213875710493,-0.222411796536797,"Pregnant"
"152","6118",8,-16.98,14.35,"yes",3,2,9,4.9,2016-06-10,2017-01-30,"",9.83,0.0105631133006435,2016-08-14,234,"6118-2016-08-14",-16.98,14.35,41.873697032625,-163.392426089022,65.3311127565442,-163.392426089022,-0.241531746031746,"Pregnant"
"153","6118",5,-17.17,14.62,"yes",3,2,9,6.3,2016-06-10,2017-01-30,"",9.83,0.0105631133006435,2016-09-14,234,"6118-2016-09-14",-17.17,14.62,42.4617372004432,-161.549913478659,96.9544710981653,-161.549913478659,-0.188666666666667,"Pregnant"
"154","6118",6,-17.08,14.58,"yes",3,2,9,5.8,2016-06-10,2017-01-30,"",9.83,0.0105631133006435,2016-09-02,234,"6118-2016-09-02",-17.08,14.58,42.8480159191812,-164.662271537147,84.4138023347877,-164.662271537147,-0.213125252525253,"Pregnant"
"155","6118",11,-16.99,14.27,"yes",3,2,9,3.5,2016-06-10,2017-01-30,"",9.83,0.0105631133006435,2016-07-21,234,"6118-2016-07-21",-16.99,14.27,43.9391966677664,-154.632338741083,41.6675165243364,-154.632338741083,-0.220933333333333,"Pregnant"
"156","6118",9,-16.97,14.36,"yes",3,2,9,4.4,2016-06-10,2017-01-30,"",9.83,0.0105631133006435,2016-08-05,234,"6118-2016-08-05",-16.97,14.36,41.3206929811009,-160.516511269402,56.1860678117584,-160.516511269402,-0.223005555555556,"Pregnant"
"157","6118",10,-17,14.19,"yes",3,2,9,3.9,2016-06-10,2017-01-30,"",9.83,0.0105631133006435,2016-07-27,234,"6118-2016-07-27",-16.995,14.23,42.781413051394,-157.727958886125,47.8471362338463,-157.727958886125,-0.204638461538462,"Pregnant"
"190","6356",1,-17.4,13.57,"yes",3,2,8.2,7.2,2015-05-31,2016-01-29,"",9.83,0.00739448114954899,2015-11-25,243,"6356-2015-11-25",-17.4,13.57,44.9766241892827,-155.174501583463,178.30258287288,-155.174501583463,0.10855,"Pregnant"
"191","6356",2,-17.52,13.25,"yes",3,2,8.2,6.9,2015-05-31,2016-01-29,"",9.83,0.00739448114954899,2015-11-10,243,"6356-2015-11-10",-17.52,13.25,45.0045461570202,-160.736466486312,163.694583385871,-160.736466486312,0.0615,"Pregnant"
"192","6356",12,-18.03,12.99,"yes",3,2,8.2,3.9,2015-05-31,2016-01-29,"",9.83,0.00739448114954899,2015-08-07,243,"6356-2015-08-07",-18.03,12.99,51.6734508975629,-171.43928397743,68.3502616245465,-171.43928397743,-0.2647875,"Pregnant"
"193","6356",13,-17.98,13.13,"yes",3,2,8.2,3.6,2015-05-31,2016-01-29,"",9.83,0.00739448114954899,2015-07-31,243,"6356-2015-07-31",-17.9366666666667,13.11,51.4272963857802,-170.464426452095,61.6760787046618,-170.464426452095,-0.258625,"Pregnant"
"194","6356",14,-17.94,13.12,"yes",3,2,8.2,3.4,2015-05-31,2016-01-29,"",9.83,0.00739448114954899,2015-07-27,243,"6356-2015-07-27",-17.91,13.1433333333333,51.6237798082268,-170.142839711552,57.4028640177736,-170.142839711552,-0.282485805860806,"Pregnant"
"195","6356",15,-17.89,13.08,"yes",3,2,8.2,3.3,2015-05-31,2016-01-29,"",9.83,0.00739448114954899,2015-07-25,243,"6356-2015-07-25",-17.88,13.2,51.5014899424768,-169.238143645032,55.3158474000157,-169.238143645032,-0.290481746031746,"Pregnant"
"196","6356",16,-17.9,13.23,"yes",3,2,8.2,3.2,2015-05-31,2016-01-29,"",9.83,0.00739448114954899,2015-07-23,243,"6356-2015-07-23",-17.875,13.26,51.5482648172127,-167.106860304203,53.2605495904634,-167.106860304203,-0.296755555555556,"Pregnant"
"197","6356",3,-17.65,13.12,"yes",3,2,8.2,6.6,2015-05-31,2016-01-29,"",9.83,0.00739448114954899,2015-10-28,243,"6356-2015-10-28",-17.65,13.12,44.7152964823325,-160.17723184201,150.511817450827,-160.17723184201,0.0845222222222222,"Pregnant"
"198","6356",4,-17.83,13.03,"yes",3,2,8.2,6.3,2015-05-31,2016-01-29,"",9.83,0.00739448114954899,2015-10-16,243,"6356-2015-10-16",-17.83,13.03,45.6041249582196,-162.587937223448,138.500733520206,-162.587937223448,0.0839861111111111,"Pregnant"
"199","6356",5,-17.95,12.68,"yes",3,2,8.2,6,2015-05-31,2016-01-29,"",9.83,0.00739448114954899,2015-10-05,243,"6356-2015-10-05",-17.95,12.68,47.27723709913,-163.252639480665,127.46994845257,-163.252639480665,-0.133126695526696,"Pregnant"
"200","6356",6,-18.03,12.67,"yes",3,2,8.2,5.7,2015-05-31,2016-01-29,"",9.83,0.00739448114954899,2015-09-25,243,"6356-2015-09-25",-18.03,12.67,50.7381920886712,-167.697466323918,117.271450105599,-167.697466323918,-0.13672987012987,"Pregnant"
"201","6356",7,-18.05,12.55,"yes",3,2,8.2,5.4,2015-05-31,2016-01-29,"",9.83,0.00739448114954899,2015-09-15,243,"6356-2015-09-15",-18.05,12.55,51.5089374991911,-169.015300298713,107.788407865594,-169.015300298713,-0.1223375,"Pregnant"
"202","6356",8,-18,12.81,"yes",3,2,8.2,5.1,2015-05-31,2016-01-29,"",9.83,0.00739448114954899,2015-09-06,243,"6356-2015-09-06",-18,12.81,51.5283490383906,-169.397449127836,98.9269857966789,-169.397449127836,-0.14900617131063,"Pregnant"
"203","6356",10,-18.12,12.56,"yes",3,2,8.2,4.5,2015-05-31,2016-01-29,"",9.83,0.00739448114954899,2015-08-21,243,"6356-2015-08-21",-18.12,12.56,51.345705490164,-173.639335146817,82.7762872880752,-173.639335146817,-0.20997113997114,"Pregnant"
"204","6356",11,-18.05,12.95,"yes",3,2,8.2,4.2,2015-05-31,2016-01-29,"",9.83,0.00739448114954899,2015-08-14,243,"6356-2015-08-14",-18.05,12.95,51.3634539250356,-174.518415407324,75.3710072060233,-174.518415407324,-0.244404166666667,"Pregnant"
"205","6356",19,-17.68,14.25,"yes",3,2,8.2,1.4,2015-05-31,2016-01-29,"",9.83,0.00739448114954899,2015-06-20,243,"6356-2015-06-20",-18.025,13.945,45.6914401113557,-135.816143471176,20.7779503440471,-135.816143471176,-0.327544444444444,"Pregnant"
"206","6356",20,-18.37,13.64,"yes",3,2,8.2,1.1,2015-05-31,2016-01-29,"",9.83,0.00739448114954899,2015-06-16,243,"6356-2015-06-16",-18.37,13.64,43.5510088228617,-133.075254453944,16.0489372962686,-133.075254453944,-0.3565,"Pregnant"
"207","6356",17,-17.85,13.29,"yes",3,2,8.2,3,2015-05-31,2016-01-29,"",9.83,0.00739448114954899,2015-07-19,243,"6356-2015-07-19",-17.82,13.385,52.9001290540328,-163.670409219425,49.2413535462982,-163.670409219425,-0.248737662337662,"Pregnant"
"208","6356",18,-17.79,13.48,"yes",3,2,8.2,2.7,2015-05-31,2016-01-29,"",9.83,0.00739448114954899,2015-07-13,243,"6356-2015-07-13",-17.79,13.48,51.8300039164587,-157.018913233042,43.4280233106624,-157.018913233042,-0.237302380952381,"Pregnant"
"244","6609",1,-17.2,15.74,"yes",4,1,10.3,9,2020-06-18,2021-02-04,"",14.41,0.00543073325326099,2020-12-15,231,"6609-2020-12-15",-17.2,15.74,48.47585543,-141.9833852,180.394298792854,-141.9833852,0.192805555555556,"Pregnant"
"245","6609",2,-17.11,16.01,"yes",4,1,10.3,8.8,2020-06-18,2021-02-04,"",14.41,0.00543073325326099,2020-12-08,231,"6609-2020-12-08",-17.11,16.01,47.817611375,-145.1720382,173.709819002869,-145.1720382,0.181416666666667,"Pregnant"
"246","6609",3,-17.28,15.72,"yes",4,1,10.3,8.5,2020-06-18,2021-02-04,"",14.41,0.00543073325326099,2020-11-29,231,"6609-2020-11-29",-17.28,15.72,47.238021565,-149.73107335,164.117171112804,-149.73107335,0.113916666666667,"Pregnant"
"247","6609",4,-17.3,15.51,"yes",4,1,10.3,8.2,2020-06-18,2021-02-04,"",14.41,0.00543073325326099,2020-11-19,231,"6609-2020-11-19",-17.3,15.51,46.328944525,-155.5129035,154.999605911523,-155.5129035,0.116111111111111,"Pregnant"
"248","6609",5,-17.35,15.24,"yes",4,1,10.3,7.8,2020-06-18,2021-02-04,"",14.41,0.00543073325326099,2020-11-08,231,"6609-2020-11-08",-17.35,15.24,46.95260544,-155.94133705,143.505254226926,-155.94133705,0.102116666666667,"Pregnant"
"249","6609",6,-17.35,14.7,"yes",4,1,10.3,7.5,2020-06-18,2021-02-04,"",14.41,0.00543073325326099,2020-10-31,231,"6609-2020-10-31",-17.35,14.7,46.801702955,-155.8649614,135.332143553642,-155.8649614,0.0535,"Pregnant"
"250","6609",7,-17.4,14.51,"yes",4,1,10.3,7.2,2020-06-18,2021-02-04,"",14.41,0.00543073325326099,2020-10-23,231,"6609-2020-10-23",-17.4,14.51,47.365539265,-158.83588935,127.506439079617,-158.83588935,0.00824999999999999,"Pregnant"
"251","6609",8,-17.46,14.22,"yes",4,1,10.3,6.8,2020-06-18,2021-02-04,"",14.41,0.00543073325326099,2020-10-13,231,"6609-2020-10-13",-17.46,14.22,47.859093425,-159.59513505,117.564094637583,-159.59513505,-0.0857738095238095,"Pregnant"
"252","6609",9,-17.63,14.26,"yes",4,1,10.3,6.5,2020-06-18,2021-02-04,"",14.41,0.00543073325326099,2020-10-06,231,"6609-2020-10-06",-17.63,14.26,48.47957538,-157.46271285,110.444501738639,-157.46271285,-0.10618253968254,"Pregnant"
"253","6609",10,-17.68,14.23,"yes",4,1,10.3,6.1,2020-06-18,2021-02-04,"",14.41,0.00543073325326099,2020-09-27,231,"6609-2020-09-27",-17.68,14.23,47.873317995,-156.82498725,101.360677365903,-156.82498725,-0.207041025641026,"Pregnant"
"254","6609",11,-17.67,14.31,"yes",4,1,10.3,5.8,2020-06-18,2021-02-04,"",14.41,0.00543073325326099,2020-09-20,231,"6609-2020-09-20",-17.67,14.31,47.8092767,-156.771832,94.8303051457306,-156.771832,-0.175050595238095,"Pregnant"
"255","6609",12,-17.68,14.42,"yes",4,1,10.3,5.4,2020-06-18,2021-02-04,"",14.41,0.00543073325326099,2020-09-12,231,"6609-2020-09-12",-17.68,14.42,46.413768945,-157.3247612,86.468496332279,-157.3247612,-0.0761126984126984,"Pregnant"
"256","6609",13,-17.8,14.41,"yes",4,1,10.3,5,2020-06-18,2021-02-04,"",14.41,0.00543073325326099,2020-09-04,231,"6609-2020-09-04",-17.78,14.315,47.289203725,-158.13249645,78.4699664926915,-158.13249645,-0.168171428571429,"Pregnant"
"257","6609",14,-17.76,14.22,"yes",4,1,10.3,4.7,2020-06-18,2021-02-04,"",14.41,0.00543073325326099,2020-08-29,231,"6609-2020-08-29",-17.815,14.195,46.353905115,-157.22425395,72.6911283059529,-157.22425395,-0.176238888888889,"Pregnant"
"258","6609",15,-17.87,14.17,"yes",4,1,10.3,4.4,2020-06-18,2021-02-04,"",14.41,0.00543073325326099,2020-08-24,231,"6609-2020-08-24",-17.87,14.17,46.0108536,-158.14286335,67.0881443984613,-158.14286335,-0.224493795093795,"Pregnant"
"259","6609",16,-18.01,14.36,"yes",4,1,10.3,4,2020-06-18,2021-02-04,"",14.41,0.00543073325326099,2020-08-16,231,"6609-2020-08-16",-18,14.17,45.434922685,-157.74403195,59.8732274669023,-157.74403195,-0.233841391941392,"Pregnant"
"260","6609",17,-17.99,13.98,"yes",4,1,10.3,3.7,2020-06-18,2021-02-04,"",14.41,0.00543073325326099,2020-08-11,231,"6609-2020-08-11",-17.99,13.98,45.126367995,-158.3095222,54.6417052197512,-158.3095222,-0.275776515151515,"Pregnant"
"261","6609",18,-18.07,13.7,"yes",4,1,10.3,3.3,2020-06-18,2021-02-04,"",14.41,0.00543073325326099,2020-08-04,231,"6609-2020-08-04",-18.085,13.76,44.96093441,-158.7925514,47.8898141800115,-158.7925514,-0.309014285714286,"Pregnant"
"262","6609",19,-18.1,13.82,"yes",4,1,10.3,2.9,2020-06-18,2021-02-04,"",14.41,0.00543073325326099,2020-07-29,231,"6609-2020-07-29",-17.92,14.1,46.665100255,-156.22322175,41.3767675189563,-156.22322175,-0.255630952380952,"Pregnant"
"263","6609",20,-17.74,14.38,"yes",4,1,10.3,2.5,2020-06-18,2021-02-04,"",14.41,0.00543073325326099,2020-07-23,231,"6609-2020-07-23",-17.76,14.485,46.432820445,-153.73078335,35.0862430095976,-153.73078335,-0.307046245421245,"Pregnant"
"264","6609",21,-17.78,14.59,"yes",4,1,10.3,2.1,2020-06-18,2021-02-04,"",14.41,0.00543073325326099,2020-07-17,231,"6609-2020-07-17",-17.7,14.56,45.747135955,-149.76232485,29.0035364415083,-149.76232485,-0.171416666666667,"Pregnant"
"265","6609",22,-17.62,14.53,"yes",4,1,10.3,1.7,2020-06-18,2021-02-04,"",14.41,0.00543073325326099,2020-07-11,231,"6609-2020-07-11",-17.62,14.615,45.73029866,-143.7630852,23.1153545858076,-143.7630852,-0.250444444444444,"Pregnant"
"266","6609",23,-17.62,14.7,"yes",4,1,10.3,1.4,2020-06-18,2021-02-04,"",14.41,0.00543073325326099,2020-07-06,231,"6609-2020-07-06",-17.62,14.7,44.336571445,-138.7204216,18.8195797364276,-138.7204216,-0.292207142857143,"Pregnant"
"267","6609",24,-17.89,14.88,"yes",4,1,10.3,0.9,2020-06-18,2021-02-04,"",14.41,0.00543073325326099,2020-06-29,231,"6609-2020-06-29",-17.89,14.88,41.73886966,-132.0688873,11.8754236365027,-132.0688873,-0.168833333333333,"Pregnant"
"268","7589",3,-17.61,13.8,"yes",3,2,8.2,6.4,2016-06-15,2017-02-04,"",9.83,0.00767888427068549,2016-10-30,234,"7589-2016-10-30",-17.61,13.8,49.1041075685534,-147.583146287771,137.11349668345,-147.583146287771,0.137040909090909,"Pregnant"
"269","7589",2,-17.52,14.2,"yes",3,2,8.2,6.8,2016-06-15,2017-02-04,"",9.83,0.00767888427068549,2016-11-15,234,"7589-2016-11-15",-17.52,14.2,48.9062461122373,-144.924321418056,153.261368859352,-144.924321418056,0.183788888888889,"Pregnant"
"270","7589",7,-17.91,13.67,"yes",3,2,8.2,4.9,2016-06-15,2017-02-04,"",9.83,0.00767888427068549,2016-09-12,234,"7589-2016-09-12",-17.91,13.67,48.3166311151974,-151.417500539818,89.8698198563771,-151.417500539818,0.101691666666667,"Pregnant"
"271","7589",4,-17.65,13.67,"yes",3,2,8.2,6.1,2016-06-15,2017-02-04,"",9.83,0.00767888427068549,2016-10-19,234,"7589-2016-10-19",-17.65,13.67,48.2513576441963,-149.389924785998,126.194205609099,-149.389924785998,0.146812454212454,"Pregnant"
"272","7589",5,-17.84,13.43,"yes",3,2,8.2,5.7,2016-06-15,2017-02-04,"",9.83,0.00767888427068549,2016-10-05,234,"7589-2016-10-05",-17.84,13.43,49.3123835444973,-150.456173837919,112.928063064654,-150.456173837919,0.117712121212121,"Pregnant"
"273","7589",6,-17.89,13.51,"yes",3,2,8.2,5.2,2016-06-15,2017-02-04,"",9.83,0.00767888427068549,2016-09-21,234,"7589-2016-09-21",-17.89,13.51,48.7575488504119,-149.852653506279,98.0457628375926,-149.852653506279,0.114044480519481,"Pregnant"
"274","7589",15,-18.41,14.04,"yes",3,2,8.2,1.2,2016-06-15,2017-02-04,"",9.83,0.00767888427068549,2016-07-01,234,"7589-2016-07-01",-18.41,14.04,41.8543264390755,-130.11223043748,16.9548627735895,-130.11223043748,-0.295666666666667,"Pregnant"
"275","7589",11,-17.89,13.98,"yes",3,2,8.2,3.2,2016-06-15,2017-02-04,"",9.83,0.00767888427068549,2016-08-05,234,"7589-2016-08-05",-17.89,13.98,48.3534616639715,-150.721649679131,51.2879366426667,-150.721649679131,-0.241955555555556,"Pregnant"
"276","7589",8,-17.99,13.72,"yes",3,2,8.2,4.5,2016-06-15,2017-02-04,"",9.83,0.00767888427068549,2016-09-02,234,"7589-2016-09-02",-17.99,13.72,48.3686672246931,-151.471280334674,79.7104988699986,-151.471280334674,-0.115065691699605,"Pregnant"
"277","7589",9,-18.01,13.86,"yes",3,2,8.2,4,2016-06-15,2017-02-04,"",9.83,0.00767888427068549,2016-08-22,234,"7589-2016-08-22",-18.01,13.86,48.1945621083119,-150.891899228262,68.0335730271428,-150.891899228262,-0.156642406204906,"Pregnant"
"278","7589",10,-17.98,13.97,"yes",3,2,8.2,3.6,2016-06-15,2017-02-04,"",9.83,0.00767888427068549,2016-08-13,234,"7589-2016-08-13",-17.98,13.97,48.3918881820599,-150.888741098215,59.3917794933777,-150.888741098215,-0.198384759976865,"Pregnant"
"279","7589",1,-17.38,14.57,"yes",3,2,8.2,7.2,2016-06-15,2017-02-04,"",9.83,0.00767888427068549,2016-12-03,234,"7589-2016-12-03",-17.38,14.57,48.1447773907469,-135.243724198484,171.698783507217,-135.243724198484,0.176571428571429,"Pregnant"
"280","7589",12,-17.82,14.3,"yes",3,2,8.2,2.7,2016-06-15,2017-02-04,"",9.83,0.00767888427068549,2016-07-26,234,"7589-2016-07-26",-17.82,14.3,48.2367277184719,-147.861922937715,41.8195780028624,-147.861922937715,-0.283908199643494,"Pregnant"
"281","7589",13,-17.79,14.31,"yes",3,2,8.2,2.2,2016-06-15,2017-02-04,"",9.83,0.00767888427068549,2016-07-17,234,"7589-2016-07-17",-17.79,14.31,47.9324629264646,-141.504561323831,32.9932161928631,-141.504561323831,-0.266857142857143,"Pregnant"
"282","7589",14,-18.11,14.06,"yes",3,2,8.2,1.6,2016-06-15,2017-02-04,"",9.83,0.00767888427068549,2016-07-08,234,"7589-2016-07-08",-18.11,14.06,45.1539173915698,-135.032988829491,23.1352515818317,-135.032988829491,-0.308,"Pregnant"
"283","9678",16,-17.86,14.83,"yes",3,2,8.9,0.8,2016-06-07,2017-01-23,"",9.83,0.0102522157695387,2016-06-15,230,"9678-2016-06-15",-17.86,14.83,38.725011385675,-127.847165866754,8.27982639444647,-127.847165866754,0.1088,"Pregnant"
"285","9678",11,-17.32,14,"yes",3,2,8.9,3.5,2016-06-07,2017-01-23,"",9.83,0.0102522157695387,2016-07-19,230,"9678-2016-07-19",-17.32,14,47.5210049878469,-157.676349743996,42.9310802559113,-157.676349743996,-0.265108333333333,"Pregnant"
"286","9678",12,-17.36,14.12,"yes",3,2,8.9,3,2016-06-07,2017-01-23,"",9.83,0.0102522157695387,2016-07-12,230,"9678-2016-07-12",-17.36,14.12,47.3015071092547,-152.516709469177,35.5156649802708,-152.516709469177,-0.307894444444444,"Pregnant"
"287","9678",13,-17.49,14.23,"yes",3,2,8.9,2.5,2016-06-07,2017-01-23,"",9.83,0.0102522157695387,2016-07-05,230,"9678-2016-07-05",-17.59,14.17,46.0738051112138,-145.99025357369,28.6243895814651,-145.99025357369,-0.2132,"Pregnant"
"288","9678",14,-17.69,14.11,"yes",3,2,8.9,2,2016-06-07,2017-01-23,"",9.83,0.0102522157695387,2016-06-29,230,"9678-2016-06-29",-17.69,14.11,44.2442394645209,-141.019946481953,22.1880254249275,-141.019946481953,-0.256166666666667,"Pregnant"
"289","9678",15,-17.75,14.34,"yes",3,2,8.9,1.4,2016-06-07,2017-01-23,"",9.83,0.0102522157695387,2016-06-21,230,"9678-2016-06-21",-17.805,14.585,41.0904787349244,-133.492755838594,14.986239618739,-133.492755838594,-0.1836,"Pregnant"
"290","9678",1,-17.44,13.29,"yes",3,2,8.9,7.6,2016-06-07,2017-01-23,"",9.83,0.0102522157695387,2016-10-29,230,"9678-2016-10-29",-17.44,13.29,44.7265432072021,-165.217999236796,144.694316041867,-165.217999236796,0.173426587301587,"Pregnant"
"291","9678",2,-17.54,13.21,"yes",3,2,8.9,7.1,2016-06-07,2017-01-23,"",9.83,0.0102522157695387,2016-10-09,230,"9678-2016-10-09",-17.54,13.21,45.2492989676587,-167.564437961018,124.961993949513,-167.564437961018,0.1294,"Pregnant"
"292","9678",3,-17.49,13.2,"yes",3,2,8.9,6.7,2016-06-07,2017-01-23,"",9.83,0.0102522157695387,2016-09-26,230,"9678-2016-09-26",-17.49,13.2,45.4090700656792,-168.521137019159,111.62522866591,-168.521137019159,0.13506746031746,"Pregnant"
"293","9678",4,-17.41,13.34,"yes",3,2,8.9,6.3,2016-06-07,2017-01-23,"",9.83,0.0102522157695387,2016-09-14,230,"9678-2016-09-14",-17.41,13.34,44.7083874281644,-169.018436166459,99.8946068084875,-169.018436166459,0.0961238095238095,"Pregnant"
"294","9678",5,-17.4,13.29,"yes",3,2,8.9,6,2016-06-07,2017-01-23,"",9.83,0.0102522157695387,2016-09-06,230,"9678-2016-09-06",-17.4,13.29,44.8161257367188,-169.397998143814,91.9385771968519,-169.397998143814,-0.128366396761134,"Pregnant"
"295","9678",6,-17.39,13.48,"yes",3,2,8.9,5.6,2016-06-07,2017-01-23,"",9.83,0.0102522157695387,2016-08-28,230,"9678-2016-08-28",-17.39,13.48,44.8049530514484,-169.701237140814,82.2492386091114,-169.701237140814,-0.136333333333333,"Pregnant"
"296","9678",7,-17.32,13.65,"yes",3,2,8.9,5.2,2016-06-07,2017-01-23,"",9.83,0.0102522157695387,2016-08-19,230,"9678-2016-08-19",-17.32,13.65,44.5245971732519,-169.554978042955,73.4360340228015,-169.554978042955,-0.156815170940171,"Pregnant"
"297","9678",8,-17.29,13.75,"yes",3,2,8.9,4.8,2016-06-07,2017-01-23,"",9.83,0.0102522157695387,2016-08-11,230,"9678-2016-08-11",-17.29,13.75,44.8214934727866,-169.056801109146,65.3535747889898,-169.056801109146,-0.186079212454212,"Pregnant"
"298","9678",9,-17.32,13.63,"yes",3,2,8.9,4.4,2016-06-07,2017-01-23,"",9.83,0.0102522157695387,2016-08-03,230,"9678-2016-08-03",-17.32,13.63,44.8232947396144,-167.945406938129,57.8899053194539,-167.945406938129,-0.215277557530189,"Pregnant"
"299","A275",9,-17.29,15.01,"yes",3,2,10.2,6,2016-05-25,2017-01-19,"",9.83,0.0193921714988688,2016-07-09,239,"A275-2016-07-09",-17.34,14.795,39.8101403366152,-152.351690412934,45.7557419525032,-152.351690412934,-0.219147474747475,"Pregnant"
"300","A275",10,-17.39,14.58,"yes",3,2,10.2,5.6,2016-05-25,2017-01-19,"",9.83,0.0193921714988688,2016-07-05,239,"A275-2016-07-05",-17.35,14.45,39.9336443691022,-150.696180628961,41.0645820062828,-150.696180628961,-0.23636461038961,"Pregnant"
"301","A275",11,-17.31,14.32,"yes",3,2,10.2,5.2,2016-05-25,2017-01-19,"",9.83,0.0193921714988688,2016-06-30,239,"A275-2016-06-30",-17.31,14.295,40.8038132251954,-148.00507234194,36.7648258421018,-148.00507234194,-0.252985714285714,"Pregnant"
"302","A275",12,-17.31,14.27,"yes",3,2,10.2,4.7,2016-05-25,2017-01-19,"",9.83,0.0193921714988688,2016-06-25,239,"A275-2016-06-25",-17.315,14.215,41.1608691199262,-144.432418600119,31.8499466698644,-144.432418600119,-0.249933333333333,"Pregnant"
"303","A275",13,-17.32,14.16,"yes",3,2,10.2,4.2,2016-05-25,2017-01-19,"",9.83,0.0193921714988688,2016-06-21,239,"A275-2016-06-21",-17.235,14.255,41.4465138357108,-141.574295606661,27.3630135280694,-141.574295606661,-0.252445238095238,"Pregnant"
"304","A275",1,-17.09,15.72,"yes",3,2,10.2,9.2,2016-05-25,2017-01-19,"",9.83,0.0193921714988688,2016-09-21,239,"A275-2016-09-21",-17.09,15.72,42.8659815052034,-146.901239386632,119.759033712427,-146.901239386632,0.127791666666667,"Pregnant"
"305","A275",2,-17.1,15.58,"yes",3,2,10.2,8.8,2016-05-25,2017-01-19,"",9.83,0.0193921714988688,2016-09-04,239,"A275-2016-09-04",-17.1,15.58,41.4567698268817,-152.99165464025,102.408102351245,-152.99165464025,0.133268939393939,"Pregnant"
"306","A275",3,-17.24,15.26,"yes",3,2,10.2,8.4,2016-05-25,2017-01-19,"",9.83,0.0193921714988688,2016-08-22,239,"A275-2016-08-22",-17.24,15.26,39.6196439442501,-154.467053486112,89.4485207852694,-154.467053486112,0.121710317460317,"Pregnant"
"307","A275",4,-17.3,15.38,"yes",3,2,10.2,8,2016-05-25,2017-01-19,"",9.83,0.0193921714988688,2016-08-12,239,"A275-2016-08-12",-17.3,15.38,39.0629997302176,-153.763348747006,79.1004947545711,-153.763348747006,-0.187833333333333,"Pregnant"
"308","A275",5,-17.32,15.29,"yes",3,2,10.2,7.6,2016-05-25,2017-01-19,"",9.83,0.0193921714988688,2016-08-03,239,"A275-2016-08-03",-17.29,15.35,39.0891749578472,-153.848499064324,70.4859832403285,-153.848499064324,-0.167313186813187,"Pregnant"
"309","A275",6,-17.26,15.41,"yes",3,2,10.2,7.3,2016-05-25,2017-01-19,"",9.83,0.0193921714988688,2016-07-28,239,"A275-2016-07-28",-17.29,15.395,39.2769187372315,-153.739789245173,64.85488143353,-153.739789245173,-0.181963203463203,"Pregnant"
"310","A275",7,-17.32,15.38,"yes",3,2,10.2,6.9,2016-05-25,2017-01-19,"",9.83,0.0193921714988688,2016-07-22,239,"A275-2016-07-22",-17.32,15.38,39.2917386333401,-153.125337481727,58.1917941414454,-153.125337481727,-0.186532051282051,"Pregnant"
"311","A275",8,-17.32,15.07,"yes",3,2,10.2,6.4,2016-05-25,2017-01-19,"",9.83,0.0193921714988688,2016-07-14,239,"A275-2016-07-14",-17.305,15.04,39.5536591714498,-153.362682932499,50.9167657482541,-153.362682932499,-0.190466666666667,"Pregnant"
"312","A275",16,-17.16,14.78,"yes",3,2,10.2,2.6,2016-05-25,2017-01-19,"",9.83,0.0193921714988688,2016-06-09,239,"A275-2016-06-09",-17.2,14.85,41.7529983504071,-132.58900449975,15.1731059626352,-132.58900449975,-0.2442,"Pregnant"
"313","A275",17,-17.24,14.92,"yes",3,2,10.2,2,2016-05-25,2017-01-19,"",9.83,0.0193921714988688,2016-06-05,239,"A275-2016-06-05",-17.18,14.875,40.1990477549217,-129.644857895305,11.2547254459229,-129.644857895305,-0.242452380952381,"Pregnant"
"315","A275",15,-17.18,14.43,"yes",3,2,10.2,3.2,2016-05-25,2017-01-19,"",9.83,0.0193921714988688,2016-06-13,239,"A275-2016-06-13",-17.17,14.605,42.01780326728,-135.858049619745,19.4138944809194,-135.858049619745,-0.25425,"Pregnant"
"316","A275",18,-17.12,14.83,"yes",3,2,10.2,1.2,2016-05-25,2017-01-19,"",9.83,0.0193921714988688,2016-05-31,239,"A275-2016-05-31",-17.12,14.83,38.1728925701554,-126.081857542412,6.45431291494656,-126.081857542412,-0.2265,"Pregnant"
"317","A278",1,-16.07,16.13,"yes",4,2,11.6,10.3,2020-05-31,2021-02-02,"",12.45,0.0108673666089413,2020-11-08,247,"A278-2020-11-08",-16.07,16.13,46.89972942,-129.8931095,161.607944589461,-129.8931095,-0.251942857142857,"Pregnant"
"318","A278",2,-16.21,15.94,"yes",4,2,11.6,10,2020-05-31,2021-02-02,"",12.45,0.0108673666089413,2020-10-27,247,"A278-2020-10-27",-16.21,15.94,47.060458165,-130.7324171,149.588456601489,-130.7324171,-0.176078571428571,"Pregnant"
"319","A278",3,-16.43,15.93,"yes",4,2,11.6,9.7,2020-05-31,2021-02-02,"",12.45,0.0108673666089413,2020-10-16,247,"A278-2020-10-16",-16.43,15.93,47.388637905,-128.5296486,138.959120969543,-128.5296486,-0.169378571428571,"Pregnant"
"320","A278",4,-16.73,15.96,"yes",4,2,11.6,9.4,2020-05-31,2021-02-02,"",12.45,0.0108673666089413,2020-10-07,247,"A278-2020-10-07",-16.73,15.96,47.376116015,-128.14313385,129.431451326407,-128.14313385,-0.273633333333333,"Pregnant"
"321","A278",5,-16.94,15.87,"yes",4,2,11.6,9.1,2020-05-31,2021-02-02,"",12.45,0.0108673666089413,2020-09-28,247,"A278-2020-09-28",-16.94,15.87,47.24775516,-127.9440333,120.798379617896,-127.9440333,-0.268314285714286,"Pregnant"
"323","A278",7,-17.09,16.18,"yes",4,2,11.6,8.5,2020-05-31,2021-02-02,"",12.45,0.0108673666089413,2020-09-13,247,"A278-2020-09-13",-17.09,16.18,46.69942392,-126.6529771,105.63783162088,-126.6529771,-0.197295238095238,"Pregnant"
"325","A278",9,-17.04,16.49,"yes",4,2,11.6,7.9,2020-05-31,2021-02-02,"",12.45,0.0108673666089413,2020-08-31,247,"A278-2020-08-31",-17.04,16.49,45.65694639,-126.03436565,92.6253273833322,-126.03436565,-0.180731746031746,"Pregnant"
"326","A278",10,-16.94,16.76,"yes",4,2,11.6,7.5,2020-05-31,2021-02-02,"",12.45,0.0108673666089413,2020-08-23,247,"A278-2020-08-23",-16.885,16.78,47.76590329,-127.00209135,84.8718074506908,-127.00209135,-0.259027777777778,"Pregnant"
"327","A278",11,-16.83,16.8,"yes",4,2,11.6,7.2,2020-05-31,2021-02-02,"",12.45,0.0108673666089413,2020-08-18,247,"A278-2020-08-18",-16.85,16.86,47.71932825,-126.7586133,79.4573862628997,-126.7586133,-0.233519480519481,"Pregnant"
"328","A278",12,-16.87,16.92,"yes",4,2,11.6,6.9,2020-05-31,2021-02-02,"",12.45,0.0108673666089413,2020-08-13,247,"A278-2020-08-13",-16.825,16.935,47.08265729,-126.2881646,74.3439256468664,-126.2881646,-0.235552777777778,"Pregnant"
"329","A278",13,-16.78,16.95,"yes",4,2,11.6,6.6,2020-05-31,2021-02-02,"",12.45,0.0108673666089413,2020-08-08,247,"A278-2020-08-08",-16.775,17.03,46.833616045,-126.1347064,69.4997223196234,-126.1347064,-0.253904761904762,"Pregnant"
"330","A278",14,-16.77,17.11,"yes",4,2,11.6,6.3,2020-05-31,2021-02-02,"",12.45,0.0108673666089413,2020-08-03,247,"A278-2020-08-03",-16.805,17.12,47.268127325,-125.9837488,64.8978327934609,-125.9837488,-0.247875,"Pregnant"
"331","A278",15,-16.84,17.13,"yes",4,2,11.6,6,2020-05-31,2021-02-02,"",12.45,0.0108673666089413,2020-07-30,247,"A278-2020-07-30",-16.83,17.1,47.815658355,-125.6232823,60.515165795728,-125.6232823,-0.267942293233083,"Pregnant"
"332","A278",16,-16.82,17.07,"yes",4,2,11.6,5.6,2020-05-31,2021-02-02,"",12.45,0.0108673666089413,2020-07-24,247,"A278-2020-07-24",-16.85,17.06,48.31993205,-125.13929435,54.9785419169537,-125.13929435,-0.243411111111111,"Pregnant"
"333","A278",17,-16.88,17.05,"yes",4,2,11.6,5.3,2020-05-31,2021-02-02,"",12.45,0.0108673666089413,2020-07-21,247,"A278-2020-07-21",-16.88,17,48.180955735,-125.1136811,51.0342832962368,-125.1136811,-0.245570436507936,"Pregnant"
"334","A278",18,-16.88,16.95,"yes",4,2,11.6,5,2020-05-31,2021-02-02,"",12.45,0.0108673666089413,2020-07-17,247,"A278-2020-07-17",-16.89,16.98,47.3215687,-125.50185445,47.2521641164411,-125.50185445,-0.24734257518797,"Pregnant"
"335","A278",19,-16.9,17.01,"yes",4,2,11.6,4.7,2020-05-31,2021-02-02,"",12.45,0.0108673666089413,2020-07-13,247,"A278-2020-07-13",-16.935,16.92,47.44885377,-125.95124325,43.619378696164,-125.95124325,-0.297189393939394,"Pregnant"
"336","A278",20,-16.97,16.83,"yes",4,2,11.6,4.3,2020-05-31,2021-02-02,"",12.45,0.0108673666089413,2020-07-08,247,"A278-2020-07-08",-16.975,16.81,46.277389215,-126.82743975,38.9885342884588,-126.82743975,-0.305290476190476,"Pregnant"
"337","A278",21,-16.98,16.79,"yes",4,2,11.6,4,2020-05-31,2021-02-02,"",12.45,0.0108673666089413,2020-07-05,247,"A278-2020-07-05",-16.96,16.81,46.724717965,-126.1908808,35.6621981651722,-126.1908808,-0.274684415584416,"Pregnant"
"338","A278",22,-16.94,16.83,"yes",4,2,11.6,3.6,2020-05-31,2021-02-02,"",12.45,0.0108673666089413,2020-07-01,247,"A278-2020-07-01",-16.95,16.8,46.70909918,-126.0250826,31.4062436809722,-126.0250826,-0.301993939393939,"Pregnant"
"339","A278",23,-16.96,16.77,"yes",4,2,11.6,3.2,2020-05-31,2021-02-02,"",12.45,0.0108673666089413,2020-06-27,247,"A278-2020-06-27",-17.065,16.815,45.70581772,-126.6099434,27.3384603719855,-126.6099434,-0.30665,"Pregnant"
"340","A278",24,-17.17,16.86,"yes",4,2,11.6,2.7,2020-05-31,2021-02-02,"",12.45,0.0108673666089413,2020-06-22,247,"A278-2020-06-22",-17.12,16.8,43.57265829,-126.53309955,22.4942570447425,-126.53309955,-0.241232142857143,"Pregnant"
"341","A278",25,-17.07,16.74,"yes",4,2,11.6,2.3,2020-05-31,2021-02-02,"",12.45,0.0108673666089413,2020-06-18,247,"A278-2020-06-18",-17.085,16.76,41.23017594,-124.95908425,18.7945180072304,-124.95908425,-0.121142857142857,"Pregnant"
"342","A278",26,-17.1,16.78,"yes",4,2,11.6,1.9,2020-05-31,2021-02-02,"",12.45,0.0108673666089413,2020-06-15,247,"A278-2020-06-15",-17.135,16.68,38.65624207,-124.66929605,15.2378003749693,-124.66929605,-0.0676726190476191,"Pregnant"
"392","T220",15,-17.3,14.11,"yes",4,3,9.1,2.2,2014-06-08,2015-02-04,"",10.49,0.00838638454467056,2014-07-06,241,"T220-2014-07-06",-17.31,14.15,40.7142436527308,-133.000984332395,28.0660220154816,-133.000984332395,0.0619285714285714,"Pregnant"
"393","T220",16,-17.32,14.19,"yes",4,3,9.1,1.8,2014-06-08,2015-02-04,"",10.49,0.00838638454467056,2014-06-30,241,"T220-2014-06-30",-17.35,14.27,38.2037758184834,-127.656689860714,22.4470368760438,-127.656689860714,0.0485,"Pregnant"
"396","T220",14,-17.26,13.86,"yes",4,3,9.1,2.6,2014-06-08,2015-02-04,"",10.49,0.00838638454467056,2014-07-11,241,"T220-2014-07-11",-17.28,13.985,42.4366489260319,-137.541731562055,33.9629414836952,-137.541731562055,0.0125,"Pregnant"
"397","T220",1,-17.21,13.29,"yes",4,3,9.1,7.9,2014-06-08,2015-02-04,"",10.49,0.00838638454467056,2014-11-21,241,"T220-2014-11-21",-17.21,13.29,37.5321666523365,-146.508073807167,166.789936622409,-146.508073807167,0.219619444444444,"Pregnant"
"398","T220",2,-17.23,13.09,"yes",4,3,9.1,7.5,2014-06-08,2015-02-04,"",10.49,0.00838638454467056,2014-11-04,241,"T220-2014-11-04",-17.23,13.09,38.3307081122806,-154.154371161214,149.66509445399,-154.154371161214,0.145309523809524,"Pregnant"
"399","T220",3,-17.2,12.82,"yes",4,3,9.1,7.1,2014-06-08,2015-02-04,"",10.49,0.00838638454467056,2014-10-20,241,"T220-2014-10-20",-17.2,12.82,40.017035411272,-160.938018223365,134.693620951797,-160.938018223365,0.0940666666666667,"Pregnant"
"400","T220",4,-17.25,12.76,"yes",4,3,9.1,6.6,2014-06-08,2015-02-04,"",10.49,0.00838638454467056,2014-10-04,241,"T220-2014-10-04",-17.25,12.76,43.2195657234772,-166.347174104802,118.288549671653,-166.347174104802,0.0443214285714286,"Pregnant"
"403","T220",7,-17.11,13.5,"yes",4,3,9.1,5.4,2014-06-08,2015-02-04,"",10.49,0.00838638454467056,2014-09-02,241,"T220-2014-09-02",-17.11,13.5,43.702458416116,-168.487719232839,86.2284084391677,-168.487719232839,-0.176333333333333,"Pregnant"
"404","T220",8,-17.12,13.53,"yes",4,3,9.1,5,2014-06-08,2015-02-04,"",10.49,0.00838638454467056,2014-08-24,241,"T220-2014-08-24",-17.12,13.53,43.9510134054187,-167.789274686655,77.2077840501898,-167.789274686655,-0.214136507936508,"Pregnant"
"405","T220",9,-17.08,13.64,"yes",4,3,9.1,4.6,2014-06-08,2015-02-04,"",10.49,0.00838638454467056,2014-08-15,241,"T220-2014-08-15",-17.08,13.64,44.6333350479513,-165.71402348395,68.8218411247901,-165.71402348395,-0.23522619047619,"Pregnant"
"406","T220",10,-17.05,13.67,"yes",4,3,9.1,4.2,2014-06-08,2015-02-04,"",10.49,0.00838638454467056,2014-08-07,241,"T220-2014-08-07",-17.05,13.67,45.3363748479522,-161.738784339438,60.9871093999484,-161.738784339438,-0.2373,"Pregnant"
"407","T220",11,-17.12,13.78,"yes",4,3,9.1,3.8,2014-06-08,2015-02-04,"",10.49,0.00838638454467056,2014-07-31,241,"T220-2014-07-31",-17.12,13.78,45.6899675164178,-156.177004762434,53.6355739320235,-156.177004762434,-0.211547619047619,"Pregnant"
"408","T220",12,-17.14,13.82,"yes",4,3,9.1,3.4,2014-06-08,2015-02-04,"",10.49,0.00838638454467056,2014-07-24,241,"T220-2014-07-24",-17.16,13.85,44.9308505926603,-149.827405470545,46.711080296586,-149.827405470545,-0.234333333333333,"Pregnant"
"409","T220",5,-17.28,12.81,"yes",4,3,9.1,6.2,2014-06-08,2015-02-04,"",10.49,0.00838638454467056,2014-09-22,241,"T220-2014-09-22",-17.28,12.81,43.3534996110603,-166.202111859275,106.617539978714,-166.202111859275,-0.167083333333333,"Pregnant"
"411","T269",2,-17.34,14.35,"yes",3,2,9.5,8,2016-05-21,2017-01-19,"",9.83,0.013967496126258,2016-09-18,243,"T269-2016-09-18",-17.34,14.35,59.1425134096018,-143.947623024192,120.35965158747,-143.947623024192,-0.195966666666667,"Pregnant"
"412","T269",3,-17.27,14.96,"yes",3,2,9.5,7.6,2016-05-21,2017-01-19,"",9.83,0.013967496126258,2016-09-04,243,"T269-2016-09-04",-17.27,14.96,57.8963135537002,-146.582656679473,106.206390556881,-146.582656679473,-0.193119047619048,"Pregnant"
"413","T269",4,-17.23,14.94,"yes",3,2,9.5,7.3,2016-05-21,2017-01-19,"",9.83,0.013967496126258,2016-08-26,243,"T269-2016-08-26",-17.23,14.94,56.6438026021906,-149.976978789796,97.169859160952,-149.976978789796,-0.127928571428571,"Pregnant"
"414","T269",5,-17.24,15.17,"yes",3,2,9.5,7,2016-05-21,2017-01-19,"",9.83,0.013967496126258,2016-08-18,243,"T269-2016-08-18",-17.24,15.17,55.2591136419798,-155.265685460654,89.1471321164789,-155.265685460654,-0.0971380952380952,"Pregnant"
"415","T269",6,-17.22,15.25,"yes",3,2,9.5,6.6,2016-05-21,2017-01-19,"",9.83,0.013967496126258,2016-08-08,243,"T269-2016-08-08",-17.22,15.25,54.7401157067507,-157.824156940513,79.6819119807912,-157.824156940513,-0.184837037962038,"Pregnant"
"416","T269",7,-17.35,14.77,"yes",3,2,9.5,6.2,2016-05-21,2017-01-19,"",9.83,0.013967496126258,2016-07-31,243,"T269-2016-07-31",-17.44,14.62,54.6275283923349,-158.240102003827,71.3231832589871,-158.240102003827,-0.174221067821068,"Pregnant"
"417","T269",8,-17.53,14.47,"yes",3,2,9.5,5.9,2016-05-21,2017-01-19,"",9.83,0.013967496126258,2016-07-25,243,"T269-2016-07-25",-17.53,14.47,54.4868772223356,-158.422003623792,65.6380714188571,-158.422003623792,-0.17488758912656,"Pregnant"
"418","T269",9,-17.7,14.19,"yes",3,2,9.5,5.4,2016-05-21,2017-01-19,"",9.83,0.013967496126258,2016-07-17,243,"T269-2016-07-17",-17.7,14.19,54.5416011561956,-158.395666853734,57.0638676321976,-158.395666853734,-0.17468512043512,"Pregnant"
"419","T269",10,-17.56,14.4,"yes",3,2,9.5,5,2016-05-21,2017-01-19,"",9.83,0.013967496126258,2016-07-10,243,"T269-2016-07-10",-17.555,14.435,54.9729352079249,-156.898951147746,50.8747208569972,-156.898951147746,-0.20574391862008,"Pregnant"
"420","T269",11,-17.55,14.47,"yes",3,2,9.5,4.6,2016-05-21,2017-01-19,"",9.83,0.013967496126258,2016-07-05,243,"T269-2016-07-05",-17.4,14.845,55.0163930777388,-156.922198231507,45.1782946906239,-156.922198231507,-0.253235468215995,"Pregnant"
"421","T269",12,-17.25,15.22,"yes",3,2,9.5,4.2,2016-05-21,2017-01-19,"",9.83,0.013967496126258,2016-06-29,243,"T269-2016-06-29",-16.895,15.5,54.5713635143229,-153.189408340871,39.9018898569599,-153.189408340871,-0.259017919799499,"Pregnant"
"422","T269",13,-16.54,15.78,"yes",3,2,9.5,3.8,2016-05-21,2017-01-19,"",9.83,0.013967496126258,2016-06-24,243,"T269-2016-06-24",-16.515,15.875,53.3543273497442,-147.677333720051,34.9877973118783,-147.677333720051,-0.138933333333333,"Pregnant"
"423","T269",14,-16.49,15.97,"yes",3,2,9.5,3.4,2016-05-21,2017-01-19,"",9.83,0.013967496126258,2016-06-20,243,"T269-2016-06-20",-16.51,15.88,52.3807004906387,-143.267658732663,30.3894407467627,-143.267658732663,-0.164066666666667,"Pregnant"
"424","T269",15,-16.53,15.79,"yes",3,2,9.5,2.8,2016-05-21,2017-01-19,"",9.83,0.013967496126258,2016-06-14,243,"T269-2016-06-14",-16.475,15.92,50.9202584155694,-136.653147595223,24.0023140372501,-136.653147595223,-0.239708333333333,"Pregnant"
"425","T269",16,-16.42,16.05,"yes",3,2,9.5,2.3,2016-05-21,2017-01-19,"",9.83,0.013967496126258,2016-06-09,243,"T269-2016-06-09",-16.33,16.075,48.9142364625128,-132.028130192802,19.0831549146578,-132.028130192802,-0.322464285714286,"Pregnant"
"428","T740",7,-17.43,12.92,"yes",4,3,9,5.4,2014-06-03,2015-01-16,"",10.49,0.00859756080374819,2014-08-26,227,"T740-2014-08-26",-17.43,12.92,44.0105347391691,-174.364038618396,84.1104364775783,-174.364038618396,-0.1808,"Non-pregnant"
"430","T740",11,-17.4,12.88,"yes",4,3,9,3.8,2014-06-03,2015-01-16,"",10.49,0.00859756080374819,2014-07-25,227,"T740-2014-07-25",-17.4,12.88,43.8946119241528,-170.223584877833,52.3181584330262,-170.223584877833,-0.272225,"Non-pregnant"
"431","T740",8,-17.4,12.84,"yes",4,3,9,5,2014-06-03,2015-01-16,"",10.49,0.00859756080374819,2014-08-17,227,"T740-2014-08-17",-17.4,12.84,42.5688454839903,-177.860885715762,75.3113797816331,-177.860885715762,-0.202475,"Non-pregnant"
"432","T740",9,-17.23,12.93,"yes",4,3,9,4.6,2014-06-03,2015-01-16,"",10.49,0.00859756080374819,2014-08-09,227,"T740-2014-08-09",-17.23,12.93,42.1264106114008,-179.499545858031,67.1314152838649,-179.499545858031,-0.23002380952381,"Non-pregnant"
"433","T740",1,-17.3,13.87,"yes",4,3,9,7.8,2014-06-03,2015-01-16,"",10.49,0.00859756080374819,2014-11-08,227,"T740-2014-11-08",-17.3,13.87,43.3173587822997,-160.878967539137,158.286897860749,-160.878967539137,0.156,"Non-pregnant"
"434","T740",2,-17.3,13.35,"yes",4,3,9,7.4,2014-06-03,2015-01-16,"",10.49,0.00859756080374819,2014-10-23,227,"T740-2014-10-23",-17.3,13.35,44.7689194364741,-164.811771147306,142.162569058623,-164.811771147306,0.0871666666666667,"Non-pregnant"
"435","T740",3,-17.29,13.28,"yes",4,3,9,7,2014-06-03,2015-01-16,"",10.49,0.00859756080374819,2014-10-09,227,"T740-2014-10-09",-17.29,13.28,44.1337731497409,-168.912399675888,128.003827052213,-168.912399675888,0.0389333333333333,"Non-pregnant"
"436","T740",4,-17.32,13.17,"yes",4,3,9,6.6,2014-06-03,2015-01-16,"",10.49,0.00859756080374819,2014-09-26,227,"T740-2014-09-26",-17.32,13.17,43.858388488673,-172.058638567656,115.383105443741,-172.058638567656,-0.13725,"Non-pregnant"
"437","T740",5,-17.23,13.06,"yes",4,3,9,6.2,2014-06-03,2015-01-16,"",10.49,0.00859756080374819,2014-09-14,227,"T740-2014-09-14",-17.23,13.06,41.7487524129496,-176.143490820773,103.998763123428,-176.143490820773,-0.14495,"Non-pregnant"
"439","T740",18,-17.67,13.93,"yes",4,3,9,1,2014-06-03,2015-01-16,"",10.49,0.00859756080374819,2014-06-14,227,"T740-2014-06-14",-17.735,14.25,38.623001,-129.128506414596,11.6525852009902,-129.128506414596,-0.261495454545455,"Non-pregnant"
"440","T740",19,-17.8,14.57,"yes",4,3,9,0.6,2014-06-03,2015-01-16,"",10.49,0.00859756080374819,2014-06-09,227,"T740-2014-06-09",-17.8,14.57,37.578999,-123.883313876264,6.85057984677454,-123.883313876264,-0.185222222222222,"Non-pregnant"
"441","T740",15,-17.57,13.23,"yes",4,3,9,2.2,2014-06-03,2015-01-16,"",10.49,0.00859756080374819,2014-06-30,227,"T740-2014-06-30",-17.62,13.37,43.999001,-145.139713187941,27.3766546854073,-145.139713187941,-0.1869,"Non-pregnant"
"442","T740",12,-17.38,12.79,"yes",4,3,9,3.4,2014-06-03,2015-01-16,"",10.49,0.00859756080374819,2014-07-18,227,"T740-2014-07-18",-17.505,12.745,44.8724231028384,-163.557918256604,45.5637466028029,-163.557918256604,-0.2381,"Non-pregnant"
"443","T740",13,-17.63,12.7,"yes",4,3,9,3,2014-06-03,2015-01-16,"",10.49,0.00859756080374819,2014-07-12,227,"T740-2014-07-12",-17.645,12.785,44.639,-157.462259446656,39.1801387123929,-157.462259446656,-0.287066666666667,"Non-pregnant"
"444","T740",14,-17.66,12.87,"yes",4,3,9,2.6,2014-06-03,2015-01-16,"",10.49,0.00859756080374819,2014-07-06,227,"T740-2014-07-06",-17.615,13.05,44.8021583148056,-151.517722971465,33.1287319801499,-151.517722971465,-0.31255,"Non-pregnant"
"445","T740",16,-17.67,13.51,"yes",4,3,9,1.8,2014-06-03,2015-01-16,"",10.49,0.00859756080374819,2014-06-24,227,"T740-2014-06-24",-17.64,13.61,42.7544625861704,-138.646939269301,21.8956850004279,-138.646939269301,-0.28085,"Non-pregnant"
"446","T740",17,-17.61,13.71,"yes",4,3,9,1.4,2014-06-03,2015-01-16,"",10.49,0.00859756080374819,2014-06-19,227,"T740-2014-06-19",-17.64,13.82,40.6369424854511,-134.082058439463,16.6614133343928,-134.082058439463,-0.174733333333333,"Non-pregnant"
"447","U 20",1,-17.3,14.87,"yes",3,3,8,7,2015-06-04,2016-01-27,"",7.87,0.0185419795555799,2015-09-24,237,"U 20-2015-09-24",-17.3,14.87,48.131881424086,-148.597,112.147763697326,-148.597,-0.166895454545455,"Pregnant"
"448","U 20",2,-17.42,14.7,"yes",3,3,8,6.7,2015-06-04,2016-01-27,"",7.87,0.0185419795555799,2015-09-09,237,"U 20-2015-09-09",-17.42,14.7,48.2396591966315,-147.731060821466,97.9980196702094,-147.731060821466,-0.171886868686869,"Pregnant"
"449","U 20",3,-17.3,14.17,"yes",3,3,8,6.2,2015-06-04,2016-01-27,"",7.87,0.0185419795555799,2015-08-23,237,"U 20-2015-08-23",-17.3,14.17,47.9455198041787,-148.037625108393,80.4474447998653,-148.037625108393,-0.212614163614164,"Pregnant"
"450","U 20",4,-17.25,14.35,"yes",3,3,8,5.8,2015-06-04,2016-01-27,"",7.87,0.0185419795555799,2015-08-12,237,"U 20-2015-08-12",-17.25,14.35,43.4805988861077,-151.373,69.6249382352001,-151.373,-0.15388717948718,"Pregnant"
"451","U 20",13,-17.35,16.51,"yes",3,3,8,1.4,2015-06-04,2016-01-27,"",7.87,0.0185419795555799,2015-06-14,237,"U 20-2015-06-14",-17.35,16.51,37.2299274199558,-124.187205609267,10.3749382352001,-124.187205609267,0.116235064935065,"Pregnant"
"452","U 20",5,-17.4,13.81,"yes",3,3,8,5.3,2015-06-04,2016-01-27,"",7.87,0.0185419795555799,2015-08-01,237,"U 20-2015-08-01",-17.4,13.81,43.5557151183197,-153.151106821274,58.5800326989729,-153.151106821274,-0.259816910866911,"Pregnant"
"453","U 20",6,-17.38,14.1,"yes",3,3,8,4.9,2015-06-04,2016-01-27,"",7.87,0.0185419795555799,2015-07-25,237,"U 20-2015-07-25",-17.38,14.1,43.7135975170284,-153.873546321161,51.1293536564956,-153.873546321161,-0.270266666666667,"Pregnant"
"454","U 20",7,-17.17,14.71,"yes",3,3,8,4.5,2015-06-04,2016-01-27,"",7.87,0.0185419795555799,2015-07-18,237,"U 20-2015-07-18",-17.17,14.71,43.5405651945782,-151.913380769499,44.584159458619,-151.913380769499,-0.298727564102564,"Pregnant"
"455","U 20",8,-17.09,14.83,"yes",3,3,8,4,2015-06-04,2016-01-27,"",7.87,0.0185419795555799,2015-07-11,237,"U 20-2015-07-11",-17.06,14.875,45.2533873092632,-148.12632124625,37.3825878991076,-148.12632124625,-0.322436507936508,"Pregnant"
"456","U 20",9,-17.03,14.92,"yes",3,3,8,3.5,2015-06-04,2016-01-27,"",7.87,0.0185419795555799,2015-07-05,237,"U 20-2015-07-05",-17.04,15,44.7816186211035,-142.494359980926,31.030351596436,-142.494359980926,-0.3291,"Pregnant"
"457","U 20",10,-17.05,15.08,"yes",3,3,8,3,2015-06-04,2016-01-27,"",7.87,0.0185419795555799,2015-06-29,237,"U 20-2015-06-29",-17.015,15.175,44.2477927669647,-136.289923999661,25.3480825947887,-136.289923999661,-0.251433333333333,"Pregnant"
"458","U 20",11,-16.98,15.27,"yes",3,3,8,2.5,2015-06-04,2016-01-27,"",7.87,0.0185419795555799,2015-06-24,237,"U 20-2015-06-24",-17.09,15.305,42.2557812573252,-132.113340438086,20.2078450317708,-132.113340438086,-0.074925,"Pregnant"
"459","U 20",12,-17.2,15.34,"yes",3,3,8,1.9,2015-06-04,2016-01-27,"",7.87,0.0185419795555799,2015-06-18,237,"U 20-2015-06-18",-17.275,15.925,39.3120258341267,-127.80364892271,14.6237228710011,-127.80364892271,0.04045,"Pregnant"
"460","U398",1,-17.54,14,"yes",3,2,8.2,7.3,2016-06-06,2017-02-08,"",9.83,0.0072747324669652,2016-12-09,247,"U398-2016-12-09",-17.54,14,58.4377646023781,-145.237246491682,186.566260351541,-145.237246491682,0.100568181818182,"Pregnant"
"461","U398",2,-17.42,14.06,"yes",3,2,8.2,6.8,2016-06-06,2017-02-08,"",9.83,0.0072747324669652,2016-11-14,247,"U398-2016-11-14",-17.42,14.06,57.787114346544,-144.865527835253,161.775889351539,-144.865527835253,-0.0933440476190476,"Pregnant"
"462","U398",3,-17.35,14.2,"yes",3,2,8.2,6.5,2016-06-06,2017-02-08,"",9.83,0.0072747324669652,2016-11-01,247,"U398-2016-11-01",-17.35,14.2,56.813858554899,-143.454614654018,148.798135887776,-143.454614654018,-0.0986666666666667,"Pregnant"
"463","U398",4,-17.19,14.38,"yes",3,2,8.2,6.1,2016-06-06,2017-02-08,"",9.83,0.0072747324669652,2016-10-17,247,"U398-2016-10-17",-17.19,14.38,56.5704895389685,-143.903833816837,133.204994809603,-143.903833816837,-0.0159642857142857,"Pregnant"
"464","U398",11,-17.69,14,"yes",3,2,8.2,3.2,2016-06-06,2017-02-08,"",9.83,0.0072747324669652,2016-07-30,247,"U398-2016-07-30",-17.69,14,56.9593871068877,-143.372107230576,54.1372664561481,-143.372107230576,-0.266486111111111,"Pregnant"
"465","U398",12,-17.86,13.86,"yes",3,2,8.2,2.7,2016-06-06,2017-02-08,"",9.83,0.0072747324669652,2016-07-20,247,"U398-2016-07-20",-17.86,13.86,52.5457740877856,-135.998117852555,44.1428878919063,-135.998117852555,-0.293485101010101,"Pregnant"
"466","U398",13,-18.12,13.34,"yes",3,2,8.2,2.2,2016-06-06,2017-02-08,"",9.83,0.0072747324669652,2016-07-10,247,"U398-2016-07-10",-18.12,13.34,46.96292792646,-132.293503281471,34.8261726480226,-132.293503281471,-0.312030982905983,"Pregnant"
"467","U398",14,-18.05,13.81,"yes",3,2,8.2,1.7,2016-06-06,2017-02-08,"",9.83,0.0072747324669652,2016-07-02,247,"U398-2016-07-02",-18.05,13.81,41.7379139772782,-129.064426820887,26.1010300325933,-129.064426820887,-0.277943650793651,"Pregnant"
"470","U398",8,-17.49,14.19,"yes",3,2,8.2,4.5,2016-06-06,2017-02-08,"",9.83,0.0072747324669652,2016-08-29,247,"U398-2016-08-29",-17.49,14.19,56.5722623904122,-137.50810886308,84.13885991833,-137.50810886308,-0.244295700580884,"Pregnant"
"471","U398",5,-17.21,14.53,"yes",3,2,8.2,5.7,2016-06-06,2017-02-08,"",9.83,0.0072747324669652,2016-10-03,247,"U398-2016-10-03",-17.21,14.53,56.2548350512306,-142.736609228294,119.201844346021,-142.736609228294,-0.209523182957394,"Pregnant"
"472","U398",6,-17.23,14.39,"yes",3,2,8.2,5.3,2016-06-06,2017-02-08,"",9.83,0.0072747324669652,2016-09-20,247,"U398-2016-09-20",-17.23,14.39,58.2285007886434,-143.864104753413,106.494224795503,-143.864104753413,-0.225685858585859,"Pregnant"
"473","U398",7,-17.59,14.84,"yes",3,2,8.2,4.9,2016-06-06,2017-02-08,"",9.83,0.0072747324669652,2016-09-08,247,"U398-2016-09-08",-17.59,14.84,56.4523595283607,-139.31817514632,94.8625876261763,-139.31817514632,-0.216955626598465,"Pregnant"
"474","U398",9,-17.68,13.98,"yes",3,2,8.2,4,2016-06-06,2017-02-08,"",9.83,0.0072747324669652,2016-08-16,247,"U398-2016-08-16",-17.68,13.98,55.1838543378937,-141.203028569488,71.8132159730958,-141.203028569488,-0.2486,"Pregnant"
"475","U398",10,-17.79,13.99,"yes",3,2,8.2,3.7,2016-06-06,2017-02-08,"",9.83,0.0072747324669652,2016-08-09,247,"U398-2016-08-09",-17.79,13.99,55.5969472773341,-147.454415805327,64.915677154514,-147.454415805327,-0.212589285714286,"Pregnant"
"491","VX570",2,-16.99,13.7,"yes",3,2,10.3,8.9,2016-06-01,2017-03-26,"",9.83,0.0155852043595348,2016-10-07,298,"VX570-2016-10-07",-16.99,13.7,40.8326618460486,-178.61272641082,128.049117135475,-178.61272641082,0.112455952380952,"Non-pregnant"
"492","VX570",3,-17.23,13.2,"yes",3,2,10.3,8.6,2016-06-01,2017-03-26,"",9.83,0.0155852043595348,2016-09-24,298,"VX570-2016-09-24",-17.23,13.2,43.4461876002878,-179.929363254311,115.591403398652,-179.929363254311,0.02165,"Non-pregnant"
"493","VX570",4,-17.37,12.83,"yes",3,2,10.3,8.2,2016-06-01,2017-03-26,"",9.83,0.0155852043595348,2016-09-11,298,"VX570-2016-09-11",-17.37,12.83,42.6176638750103,-179.175034233659,102.033089449568,-179.175034233659,-0.0328833333333333,"Non-pregnant"
"494","VX570",5,-17.58,12.9,"yes",3,2,10.3,7.9,2016-06-01,2017-03-26,"",9.83,0.0155852043595348,2016-09-02,298,"VX570-2016-09-02",-17.58,12.9,41.6618339126643,-178.334590336088,93.4652587337102,-178.334590336088,-0.148130536130536,"Non-pregnant"
"495","VX570",6,-17.38,13.12,"yes",3,2,10.3,7.5,2016-06-01,2017-03-26,"",9.83,0.0155852043595348,2016-08-23,298,"VX570-2016-08-23",-17.38,13.12,41.3383888209603,-178.200581140879,83.5744240503041,-178.200581140879,-0.166618145743146,"Non-pregnant"
"496","VX570",14,-17.57,13.6,"yes",3,2,10.3,4,2016-06-01,2017-03-26,"",9.83,0.0155852043595348,2016-07-02,298,"VX570-2016-07-02",-17.63,13.555,41.681699057252,-149.174679239431,31.542368678492,-149.174679239431,-0.162116666666667,"Non-pregnant"
"497","VX570",15,-17.69,13.51,"yes",3,2,10.3,3.5,2016-06-01,2017-03-26,"",9.83,0.0155852043595348,2016-06-27,298,"VX570-2016-06-27",-17.63,13.625,42.2716291642839,-143.578691665156,26.6420172283136,-143.578691665156,-0.151597402597403,"Non-pregnant"
"498","VX570",16,-17.57,13.74,"yes",3,2,10.3,3,2016-06-01,2017-03-26,"",9.83,0.0155852043595348,2016-06-23,298,"VX570-2016-06-23",-17.765,13.735,41.7985597215735,-138.627280702594,22.0895112530639,-138.627280702594,-0.088040293040293,"Non-pregnant"
"499","VX570",17,-17.96,13.73,"yes",3,2,10.3,2.3,2016-06-01,2017-03-26,"",9.83,0.0155852043595348,2016-06-17,298,"VX570-2016-06-17",-17.96,13.73,39.5996613762105,-131.114171004663,16.2142470336733,-131.114171004663,0.0848583333333333,"Non-pregnant"
"500","VX570",9,-17.5,13.19,"yes",3,2,10.3,6.2,2016-06-01,2017-03-26,"",9.83,0.0155852043595348,2016-07-30,298,"VX570-2016-07-30",-17.495,13.23,42.1113051916007,-170.912475059605,59.104577667073,-170.912475059605,-0.233159523809524,"Non-pregnant"
"501","VX570",10,-17.49,13.27,"yes",3,2,10.3,5.8,2016-06-01,2017-03-26,"",9.83,0.0155852043595348,2016-07-24,298,"VX570-2016-07-24",-17.485,13.345,41.1895391060131,-167.886668928775,53.1315778321938,-167.886668928775,-0.280222222222222,"Non-pregnant"
"502","VX570",7,-17.44,13.11,"yes",3,2,10.3,7,2016-06-01,2017-03-26,"",9.83,0.0155852043595348,2016-08-13,298,"VX570-2016-08-13",-17.44,13.11,41.4895188226399,-177.87085284713,73.0321785011943,-177.87085284713,-0.143641666666667,"Non-pregnant"
"503","VX570",8,-17.48,13.24,"yes",3,2,10.3,6.6,2016-06-01,2017-03-26,"",9.83,0.0155852043595348,2016-08-05,298,"VX570-2016-08-05",-17.49,13.215,41.7985007523418,-174.973122944781,65.6912191824449,-174.973122944781,-0.224583333333333,"Non-pregnant"
"504","VX570",13,-17.6,13.29,"yes",3,2,10.3,4.6,2016-06-01,2017-03-26,"",9.83,0.0155852043595348,2016-07-08,298,"VX570-2016-07-08",-17.585,13.445,41.1755471925406,-155.587056414888,37.9640655807709,-155.587056414888,-0.188388095238095,"Non-pregnant"
"505","VX570",11,-17.48,13.42,"yes",3,2,10.3,5.4,2016-06-01,2017-03-26,"",9.83,0.0155852043595348,2016-07-18,298,"VX570-2016-07-18",-17.525,13.41,41.4712066903588,-164.812234971817,47.6675616809919,-164.812234971817,-0.228705635300372,"Non-pregnant"
"506","VX570",12,-17.57,13.4,"yes",3,2,10.3,5,2016-06-01,2017-03-26,"",9.83,0.0155852043595348,2016-07-13,298,"VX570-2016-07-13",-17.585,13.345,41.157320243037,-160.359939235134,42.6325545273362,-160.359939235134,-0.193729761904762,"Non-pregnant"
"510","X674",7,-17.48,13.47,"yes",4,2,11.5,6.8,2015-06-01,2016-01-28,"",12.45,0.0106764062958434,2015-08-14,241,"X674-2015-08-14",-17.48,13.47,43.5615047040524,-168.280023461574,74.0010314200929,-168.280023461574,-0.251809523809524,"Pregnant"
"511","X674",8,-17.45,13.83,"yes",4,2,11.5,6.3,2015-06-01,2016-01-28,"",12.45,0.0106764062958434,2015-08-06,241,"X674-2015-08-06",-17.45,13.83,42.8389829051706,-164.851514811194,66.0586082572435,-164.851514811194,-0.285104545454545,"Pregnant"
"512","X674",9,-17.41,13.98,"yes",4,2,11.5,5.8,2015-06-01,2016-01-28,"",12.45,0.0106764062958434,2015-07-29,241,"X674-2015-07-29",-17.41,13.98,43.8870627587627,-160.217997062052,58.7373457758984,-160.217997062052,-0.303164682539683,"Pregnant"
"513","X674",1,-17.4,14.13,"yes",4,2,11.5,9.8,2015-06-01,2016-01-28,"",12.45,0.0106764062958434,2015-10-23,241,"X674-2015-10-23",-17.4,14.13,43.1825856346263,-166.475195943153,144.914022569085,-166.475195943153,0.115116666666667,"Pregnant"
"514","X674",2,-17.83,13.18,"yes",4,2,11.5,9.3,2015-06-01,2016-01-28,"",12.45,0.0106764062958434,2015-10-07,241,"X674-2015-10-07",-17.83,13.18,44.1571682041181,-167.88742169074,128.724791094567,-167.88742169074,0.13275,"Pregnant"
"515","X674",3,-17.44,13.25,"yes",4,2,11.5,8.8,2015-06-01,2016-01-28,"",12.45,0.0106764062958434,2015-09-23,241,"X674-2015-09-23",-17.44,13.25,43.4356105708647,-167.500742543407,114.92569890245,-167.500742543407,-0.126470238095238,"Pregnant"
"516","X674",4,-17.47,13.33,"yes",4,2,11.5,8.3,2015-06-01,2016-01-28,"",12.45,0.0106764062958434,2015-09-11,241,"X674-2015-09-11",-17.47,13.33,44.0250955191377,-167.810571761761,102.900944215266,-167.810571761761,-0.143058333333333,"Pregnant"
"517","X674",5,-17.45,13.34,"yes",4,2,11.5,7.8,2015-06-01,2016-01-28,"",12.45,0.0106764062958434,2015-09-01,241,"X674-2015-09-01",-17.45,13.34,43.6666280757496,-168.258015718207,92.2457778414532,-168.258015718207,-0.1803,"Pregnant"
"518","X674",6,-17.48,13.35,"yes",4,2,11.5,7.3,2015-06-01,2016-01-28,"",12.45,0.0106764062958434,2015-08-22,241,"X674-2015-08-22",-17.48,13.35,43.9204909318041,-167.768837943618,82.6798722130612,-167.768837943618,-0.229233333333333,"Pregnant"
"520","X674",12,-17.29,13.87,"yes",4,2,11.5,4.3,2015-06-01,2016-01-28,"",12.45,0.0106764062958434,2015-07-10,241,"X674-2015-07-10",-17.27,13.995,46.2314058432657,-146.048045477693,39.6858909184568,-146.048045477693,-0.295666666666667,"Pregnant"
"522","X674",10,-17.27,14.07,"yes",4,2,11.5,5.3,2015-06-01,2016-01-28,"",12.45,0.0106764062958434,2015-07-22,241,"X674-2015-07-22",-17.29,14.075,44.8239189640925,-156.885178908983,51.94709257372,-156.885178908983,-0.279266666666667,"Pregnant"
"523","X674",15,-17.31,14.14,"yes",4,2,11.5,2.8,2015-06-01,2016-01-28,"",12.45,0.0106764062958434,2015-06-24,241,"X674-2015-06-24",-17.35,14.135,42.1789441686999,-131.903070690487,23.8622154777883,-131.903070690487,-0.302,"Pregnant"
"524","X674",16,-17.39,14.13,"yes",4,2,11.5,2.3,2015-06-01,2016-01-28,"",12.45,0.0106764062958434,2015-06-20,241,"X674-2015-06-20",-17.425,14.125,40.0951927565695,-128.837398270714,19.1306804708667,-128.837398270714,-0.220966666666667,"Pregnant"
"525","X674",17,-17.46,14.12,"yes",4,2,11.5,1.8,2015-06-01,2016-01-28,"",12.45,0.0106764062958434,2015-06-15,241,"X674-2015-06-15",-17.505,14.29,37.7223155097977,-124.483196277409,14.6267129994929,-124.483196277409,-0.000616666666666665,"Pregnant"
"526","X674",14,-17.33,14.22,"yes",4,2,11.5,3.3,2015-06-01,2016-01-28,"",12.45,0.0106764062958434,2015-06-29,241,"X674-2015-06-29",-17.32,14.18,44.4055233502348,-136.156715710027,28.8455436304626,-136.156715710027,-0.31365,"Pregnant"
"527","Y1481",2,-18.73,11.18,"yes",3,2,9.2,7.8,2016-06-10,2017-02-12,"",9.83,0.011123378112371,2016-10-29,247,"Y1481-2016-10-29",-18.73,11.18,49.6824253933023,-176.608523465158,141.809720497683,-176.608523465158,-0.125627272727273,"Pregnant"
"528","Y1481",3,-18.81,11.24,"yes",3,2,9.2,7.4,2016-06-10,2017-02-12,"",9.83,0.011123378112371,2016-10-13,247,"Y1481-2016-10-13",-18.81,11.24,50.6526632559391,-182.067084717878,125.640579928891,-182.067084717878,-0.101998461538462,"Pregnant"
"529","Y1481",12,-17.68,14.76,"yes",3,2,9.2,3.6,2016-06-10,2017-02-12,"",9.83,0.011123378112371,2016-07-21,247,"Y1481-2016-07-21",-17.68,14.76,48.5374543365648,-138.174428604698,41.0003684809114,-138.174428604698,-0.266933333333333,"Pregnant"
"530","Y1481",13,-17.66,14.74,"yes",3,2,9.2,3.1,2016-06-10,2017-02-12,"",9.83,0.011123378112371,2016-07-14,247,"Y1481-2016-07-14",-17.66,14.74,45.5984521391991,-133.264426038648,34.0601377275007,-133.264426038648,-0.239966666666667,"Pregnant"
"531","Y1481",14,-18.02,14.31,"yes",3,2,9.2,2.6,2016-06-10,2017-02-12,"",9.83,0.011123378112371,2016-07-07,247,"Y1481-2016-07-07",-18.2,13.865,45.8422478876785,-132.982593817562,27.6175002670067,-132.982593817562,-0.285603766787977,"Pregnant"
"532","Y1481",15,-18.38,13.42,"yes",3,2,9.2,2.1,2016-06-10,2017-02-12,"",9.83,0.011123378112371,2016-07-01,247,"Y1481-2016-07-01",-18.38,13.42,43.8837546753213,-131.080911756329,21.6058529281175,-131.080911756329,-0.264777777777778,"Pregnant"
"533","Y1481",16,-17.8,15.49,"yes",3,2,9.2,1.4,2016-06-10,2017-02-12,"",9.83,0.011123378112371,2016-06-23,247,"Y1481-2016-06-23",-17.8,15.49,38.553561988697,-126.058071254593,13.8125451273168,-126.058071254593,0.00808333333333335,"Pregnant"
"534","Y1481",4,-18.63,11.98,"yes",3,2,9.2,7,2016-06-10,2017-02-12,"",9.83,0.011123378112371,2016-09-29,247,"Y1481-2016-09-29",-18.63,11.98,50.7927387245883,-182.156109823901,111.941013775225,-182.156109823901,-0.125883333333333,"Pregnant"
"535","Y1481",5,-18.14,13.17,"yes",3,2,9.2,6.6,2016-06-10,2017-02-12,"",9.83,0.011123378112371,2016-09-18,247,"Y1481-2016-09-18",-18.14,13.17,50.8989532527008,-182.15701768171,100.0556472756,-182.15701768171,-0.166876676986584,"Pregnant"
"536","Y1481",6,-17.58,14.39,"yes",3,2,9.2,6.2,2016-06-10,2017-02-12,"",9.83,0.011123378112371,2016-09-07,247,"Y1481-2016-09-07",-17.58,14.39,51.0048459583781,-182.1436164821,89.5596891356591,-182.1436164821,-0.153209872721018,"Pregnant"
"537","Y1481",7,-17.55,14.77,"yes",3,2,9.2,5.8,2016-06-10,2017-02-12,"",9.83,0.011123378112371,2016-08-29,247,"Y1481-2016-08-29",-17.55,14.77,51.081808720478,-181.68467426123,80.1620289441391,-181.68467426123,-0.22868909679185,"Pregnant"
"538","Y1481",8,-18.11,13.27,"yes",3,2,9.2,5.4,2016-06-10,2017-02-12,"",9.83,0.011123378112371,2016-08-20,247,"Y1481-2016-08-20",-18.11,13.27,51.6636790345731,-174.281411123944,71.6544328575498,-174.281411123944,-0.104188814616756,"Pregnant"
"539","Y1481",9,-18.34,12.36,"yes",3,2,9.2,4.9,2016-06-10,2017-02-12,"",9.83,0.011123378112371,2016-08-11,247,"Y1481-2016-08-11",-18.105,13.25,53.7490071958993,-161.446797230973,62.040500568524,-161.446797230973,-0.0861986111111111,"Pregnant"
"540","Y1481",10,-17.87,14.14,"yes",3,2,9.2,4.6,2016-06-10,2017-02-12,"",9.83,0.011123378112371,2016-08-05,247,"Y1481-2016-08-05",-17.87,14.14,53.9923194310364,-152.282315752125,56.7298575763101,-152.282315752125,-0.0496528787878788,"Pregnant"
"541","Y1481",11,-17.57,15.08,"yes",3,2,9.2,4.1,2016-06-10,2017-02-12,"",9.83,0.011123378112371,2016-07-28,247,"Y1481-2016-07-28",-17.57,15.08,52.0787608431734,-142.989666095135,48.5215370708428,-142.989666095135,-0.236247222222222,"Pregnant"
