SealID;Segment;d13C;d15N;Nubbin;WhiskerRow;WhiskerColumn;LengthRecovery;DistanceFromTip;DeploymentDate;RecoveryDate;X;Linf;k;DateWhenSegmentGrew;DeploymentDuration;SealDate;SevenDayAvg_d13C;SevenDayAvg_d15N;Lat;Lon;DaysSinceDeployment;Lon360;FiveDayDriftRate;ReprState
3190;16;-17.5;14.41;yes;3;2;8.2;1.8;6/1/2014;1/23/2015;;9.83;0.00761380898025595;6/27/2014;236;3190-2014-06-27;-17.45;14.67;453.004.204.120.687;-140.124.939.917.552;265.641.555.658.783;-140.124.939.917.552;-0.241612820512821;Pregnant
3190;15;-17.74;13.67;yes;3;2;8.2;2.7;6/1/2014;1/23/2015;;9.83;0.00761380898025595;7/13/2014;236;3190-2014-07-13;-17.74;13.67;459.916.362.795.142;-141.934.453.797.437;421.770.102.934.815;-141.934.453.797.437;-0.231760317460317;Pregnant
3190;11;-18.16;12.84;yes;3;2;8.2;3.55;6/1/2014;1/23/2015;;9.83;0.00761380898025595;7/29/2014;236;3190-2014-07-29;-18.175;12.815;465.846.581.712.678;-142.186.116.729.652;588.495.134.092.398;-142.186.116.729.652;-0.205785714285714;Pregnant
3190;12;-18.19;12.79;yes;3;2;8.2;3.4;6/1/2014;1/23/2015;;9.83;0.00761380898025595;7/26/2014;236;3190-2014-07-26;-18.115;12.96;463.614.964.178.993;-141.599.179.288.312;557.492.835.728.162;-141.599.179.288.312;-0.218722848788638;Pregnant
3190;13;-18.04;13.13;yes;3;2;8.2;3.1;6/1/2014;1/23/2015;;9.83;0.00761380898025595;7/20/2014;236;3190-2014-07-20;-17.98;13.27;458.552.516.827.341;-141.871.616.413.941;497.600.861.126.019;-141.871.616.413.941;-0.222825;Pregnant
3190;14;-17.92;13.41;yes;3;2;8.2;3;6/1/2014;1/23/2015;;9.83;0.00761380898025595;7/18/2014;236;3190-2014-07-18;-17.83;13.54;4.569.248.592.459;-141.959.635.004.519;478.228.783.412.609;-141.959.635.004.519;-0.226053571428571;Pregnant
3190;1;-17.12;15.44;yes;3;2;8.2;7.1;6/1/2014;1/23/2015;;9.83;0.00761380898025595;11/16/2014;236;3190-2014-11-16;-17.12;15.44;44.857.705.746.774;-14.118.093.416.915;168.264.968.071.097;-14.118.093.416.915;0.146809523809524;Pregnant
3190;2;-17.15;15.46;yes;3;2;8.2;6.745;6/1/2014;1/23/2015;;9.83;0.00761380898025595;10/31/2014;236;3190-2014-10-31;-17.15;15.46;449.357.566.640.435;-143.489.539.898.002;152.208.609.357.937;-143.489.539.898.002;0.126936507936508;Pregnant
3190;17;-17.4;14.93;yes;3;2;8.2;1.42;6/1/2014;1/23/2015;;9.83;0.00761380898025595;6/21/2014;236;3190-2014-06-21;-17.51;14.975;431.280.283.451.556;-136.252.851.102.221;204.913.809.341.413;-136.252.851.102.221;-0.238196428571429;Pregnant
3190;18;-17.62;15.02;yes;3;2;8.2;1.065;6/1/2014;1/23/2015;;9.83;0.00761380898025595;6/16/2014;236;3190-2014-06-16;-17.765;15.095;417.581.763.417.395;-132.056.385.931.158;150.611.101.596.113;-132.056.385.931.158;-0.199476587301587;Pregnant
3190;19;-17.91;15.17;yes;3;2;8.2;0.71;6/1/2014;1/23/2015;;9.83;0.00761380898025595;6/10/2014;236;3190-2014-06-10;-17.91;15.17;389.988.885.316.483;-126.615.616.222.332;984.646.847.159.498;-126.615.616.222.332;-0.020587012987013;Pregnant
3190;6;-17.55;14.48;yes;3;2;8.2;5.325;6/1/2014;1/23/2015;;9.83;0.00761380898025595;9/11/2014;236;3190-2014-09-11;-17.55;14.48;476.326.102.385.558;-146.171.845.439.893;102.478.410.624.975;-146.171.845.439.893;-0.141625;Pregnant
3190;7;-17.75;14.07;yes;3;2;8.2;4.5;6/1/2014;1/23/2015;;9.83;0.00761380898025595;8/20/2014;236;3190-2014-08-20;-17.845;13.885;47.508.475.080.527;-143.325.599.510.112;803.917.851.851.246;-143.325.599.510.112;-0.122337121212121;Pregnant
3190;8;-17.94;13.7;yes;3;2;8.2;4.3;6/1/2014;1/23/2015;;9.83;0.00761380898025595;8/15/2014;236;3190-2014-08-15;-17.94;13.7;470.881.113.902.073;-14.255.225.121.794;755.536.578.493.841;-14.255.225.121.794;-0.149666666666667;Pregnant
3190;9;-18.15;13.35;yes;3;2;8.2;4;6/1/2014;1/23/2015;;9.83;0.00761380898025595;8/8/2014;236;3190-2014-08-08;-18.155;13.225;469.776.845.591.833;-142.731.040.225.841;686.150.565.572.911;-142.731.040.225.841;-0.192282167832168;Pregnant
3190;10;-18.16;13.1;yes;3;2;8.2;3.905;6/1/2014;1/23/2015;;9.83;0.00761380898025595;8/6/2014;236;3190-2014-08-06;-18.16;13.1;470.127.584.729.639;-143.028.459.603.907;66.492.113.008.179;-143.028.459.603.907;-0.194451398601399;Pregnant
3190;3;-17.25;15.51;yes;3;2;8.2;6.39;6/1/2014;1/23/2015;;9.83;0.00761380898025595;10/16/2014;236;3190-2014-10-16;-17.25;15.51;444.019.346.206.078;-141.920.615.380.236;137.903.047.672.529;-141.920.615.380.236;0.120485714285714;Pregnant
3190;4;-17.18;15.55;yes;3;2;8.2;6.035;6/1/2014;1/23/2015;;9.83;0.00761380898025595;10/4/2014;236;3190-2014-10-04;-17.18;15.55;461.466.680.427.402;-143.505.539.195.323;125.003.730.167.065;-143.505.539.195.323;0.0841393939393939;Pregnant
3190;5;-17.39;14.93;yes;3;2;8.2;5.5;6/1/2014;1/23/2015;;9.83;0.00761380898025595;9/16/2014;236;3190-2014-09-16;-17.47;14.705;476.891.095.114.446;-146.919.983.318.919;107.682.159.385.764;-146.919.983.318.919;0.0676666666666667;Pregnant
3373;6;-17.32;12.62;yes;3;2;8.5;5.1;6/8/2014;2/4/2015;;9.83;0.00829983399139176;9/4/2014;241;3373-2014-09-04;-17.325;12.625;4.292.733.061.846;-169.324.818.719.446;881.359.473.471.316;-169.324.818.719.446;-0.143566666666667;Pregnant
3373;10;-17.4;12.93;yes;3;2;8.5;4.07;6/8/2014;2/4/2015;;9.83;0.00829983399139176;8/11/2014;241;3373-2014-08-11;-17.4;12.93;43.362.372.596.207;-1.710.861.535.305;643.990.542.468.235;-1.710.861.535.305;-0.238529761904762;Pregnant
3373;7;-17.33;12.63;yes;3;2;8.5;5.05;6/8/2014;2/4/2015;;9.83;0.00829983399139176;9/2/2014;241;3373-2014-09-02;-17.29;12.695;427.839.446.606.242;-169.511.020.668.674;868.690.130.915.272;-169.511.020.668.674;-0.167233333333333;Pregnant
3373;8;-17.25;12.76;yes;3;2;8.5;4.81;6/8/2014;2/4/2015;;9.83;0.00829983399139176;8/27/2014;241;3373-2014-08-27;-17.25;12.76;434.552.653.224.753;-171.745.751.507.416;809.665.592.290.654;-171.745.751.507.416;-0.150166666666667;Pregnant
3373;9;-17.35;12.8;yes;3;2;8.5;4.44;6/8/2014;2/4/2015;;9.83;0.00829983399139176;8/19/2014;241;3373-2014-08-19;-17.35;12.8;423.949.645.541.929;-173.943.779.739.777;723.982.612.015.362;-173.943.779.739.777;-0.186970238095238;Pregnant
3373;18;-17.73;13.42;yes;3;2;8.5;1.11;6/8/2014;2/4/2015;;9.83;0.00829983399139176;6/22/2014;241;3373-2014-06-22;-17.91;13.66;384.350.955.699.901;-126.869.515.810.719;144.363.967.234.117;-126.869.515.810.719;-0.178666666666667;Pregnant
3373;11;-17.54;12.96;yes;3;2;8.5;3.7;6/8/2014;2/4/2015;;9.83;0.00829983399139176;8/3/2014;241;3373-2014-08-03;-17.54;12.96;446.253.011.446.437;-165.832.899.403.494;568.980.276.835.351;-165.832.899.403.494;-0.268208333333333;Pregnant
3373;12;-17.31;13.27;yes;3;2;8.5;3.33;6/8/2014;2/4/2015;;9.83;0.00829983399139176;7/27/2014;241;3373-2014-07-27;-17.335;13.29;459.902.986.389.301;-16.065.566.582.949;49.836.750.673.144;-16.065.566.582.949;-0.153333333333333;Pregnant
3373;13;-17.36;13.31;yes;3;2;8.5;2.96;6/8/2014;2/4/2015;;9.83;0.00829983399139176;7/21/2014;241;3373-2014-07-21;-17.36;13.31;460.990.833.271.369;-154.440.442.707.901;431.665.052.935.288;-154.440.442.707.901;-0.27455;Pregnant
3373;14;-17.28;13.32;yes;3;2;8.5;2.59;6/8/2014;2/4/2015;;9.83;0.00829983399139176;7/14/2014;241;3373-2014-07-14;-17.4;13.26;463.129.025.336.789;-147.338.019.798.354;368.462.463.319.909;-147.338.019.798.354;-0.33;Pregnant
3373;16;-17.53;13.29;yes;3;2;8.5;2;6/8/2014;2/4/2015;;9.83;0.00829983399139176;7/5/2014;241;3373-2014-07-05;-17.525;13.215;443.170.777.898.037;-139.129.302.436.567;274.073.462.664.777;-139.129.302.436.567;-0.221;Pregnant
3960;16;-17.7;14.18;yes;3;2;9;1.7;6/4/2015;2/2/2016;;9.83;0.0101718868821011;6/22/2015;243;3960-2015-06-22;-17.7;14.285;425.700.127.539.108;-131.882.621.332.657;186.669.408.341;-131.882.621.332.657;-0.213714285714286;Pregnant
3960;4;-17.68;13.32;yes;3;2;9;6.7;6/4/2015;2/2/2016;;9.83;0.0101718868821011;9/24/2015;243;3960-2015-09-24;-17.68;13.32;458.215.473.371.624;-165.761.686.226.664;112.506.749.521.643;-165.761.686.226.664;-0.0648;Pregnant
3960;5;-17.51;13.56;yes;3;2;9;6.3;6/4/2015;2/2/2016;;9.83;0.0101718868821011;9/12/2015;243;3960-2015-09-12;-17.51;13.56;444.307.473.729.425;-166.375.923.906.298;100.683.489.217.325;-166.375.923.906.298;-0.189234126984127;Pregnant
3960;17;-17.7;14.39;yes;3;2;9;1.5;6/4/2015;2/2/2016;;9.83;0.0101718868821011;6/20/2015;243;3960-2015-06-20;-17.7;14.39;415.762.031.184.076;-130.147.152.291.522;162.777.545.503.058;-130.147.152.291.522;-0.22;Pregnant
3960;18;-17.99;14.82;yes;3;2;9;0.9;6/4/2015;2/2/2016;;9.83;0.0101718868821011;6/13/2015;243;3960-2015-06-13;-17.99;14.82;377.917.748.011.622;-124.918.088.270.976;943.999.283.354.315;-124.918.088.270.976;-0.0185;Pregnant
3960;14;-17.51;13.81;yes;3;2;9;2.7;6/4/2015;2/2/2016;;9.83;0.0101718868821011;7/5/2015;243;3960-2015-07-05;-17.57;13.82;452.805.826.977.915;-144.095.848.433.039;31.570.121.006.549;-144.095.848.433.039;-0.337154761904762;Pregnant
3960;15;-17.63;13.83;yes;3;2;9;2.3;6/4/2015;2/2/2016;;9.83;0.0101718868821011;6/30/2015;243;3960-2015-06-30;-17.63;13.83;451.385.296.455.506;-13.939.739.282.132;262.039.772.400.812;-13.939.739.282.132;-0.291333333333333;Pregnant
3960;1;-17.38;14.26;yes;3;2;9;7.9;6/4/2015;2/2/2016;;9.83;0.0101718868821011;11/11/2015;243;3960-2015-11-11;-17.38;14.26;460.547.289.742.053;-156.369.667.183.489;160.040.998.303.554;-156.369.667.183.489;0.096;Pregnant
3960;2;-17.61;13.66;yes;3;2;9;7.5;6/4/2015;2/2/2016;;9.83;0.0101718868821011;10/23/2015;243;3960-2015-10-23;-17.61;13.66;462.933.442.937.987;-162.173.685.111.407;141.524.447.063.464;-162.173.685.111.407;0.0418833333333333;Pregnant
3960;3;-17.7;13.4;yes;3;2;9;7.1;6/4/2015;2/2/2016;;9.83;0.0101718868821011;10/7/2015;243;3960-2015-10-07;-17.7;13.4;467.201.394.653.481;-164.142.614.629.391;125.948.837.203.113;-164.142.614.629.391;-0.09675;Pregnant
3960;8;-17.32;13.72;yes;3;2;9;5.1;6/4/2015;2/2/2016;;9.83;0.0101718868821011;8/14/2015;243;3960-2015-08-14;-17.32;13.72;430.409.120.288.291;-169.265.637.621.715;71.915.244.451.099;-169.265.637.621.715;-0.2774;Pregnant
3960;9;-17.32;13.69;yes;3;2;9;4.7;6/4/2015;2/2/2016;;9.83;0.0101718868821011;8/6/2015;243;3960-2015-08-06;-17.32;13.69;435.427.137.917.953;-169.252.800.935.086;639.343.793.844.928;-169.252.800.935.086;-0.284342857142857;Pregnant
3960;6;-17.32;13.71;yes;3;2;9;5.9;6/4/2015;2/2/2016;;9.83;0.0101718868821011;9/2/2015;243;3960-2015-09-02;-17.32;13.71;444.409.924.827.373;-166.586.891.947.874;901.307.219.500.371;-166.586.891.947.874;-0.243310714285714;Pregnant
3960;7;-17.33;13.68;yes;3;2;9;5.5;6/4/2015;2/2/2016;;9.83;0.0101718868821011;8/23/2015;243;3960-2015-08-23;-17.33;13.68;441.701.428.895.097;-167.984.539.488.576;806.017.016.948.318;-167.984.539.488.576;-0.263521428571429;Pregnant
3960;12;-17.4;13.73;yes;3;2;9;3.5;6/4/2015;2/2/2016;;9.83;0.0101718868821011;7/17/2015;243;3960-2015-07-17;-17.415;13.74;448.249.525.131.931;-15.548.946.981.365;432.701.133.137.334;-15.548.946.981.365;-0.334760989010989;Pregnant
3960;13;-17.43;13.75;yes;3;2;9;3.1;6/4/2015;2/2/2016;;9.83;0.0101718868821011;7/11/2015;243;3960-2015-07-11;-17.47;13.78;456.170.519.734.084;-149.785.786.516.108;37.246.166.310.509;-149.785.786.516.108;-0.259964285714286;Pregnant
3960;10;-17.32;13.79;yes;3;2;9;4.3;6/4/2015;2/2/2016;;9.83;0.0101718868821011;7/30/2015;243;3960-2015-07-30;-17.32;13.79;429.596.329.880.396;-164.865.712.099.572;565.530.393.025.776;-164.865.712.099.572;-0.310243939393939;Pregnant
3960;11;-17.34;13.8;yes;3;2;9;3.9;6/4/2015;2/2/2016;;9.83;0.0101718868821011;7/23/2015;243;3960-2015-07-23;-17.37;13.765;444.633.158.876.373;-160.114.260.141.389;496.874.107.043.804;-160.114.260.141.389;-0.316553571428571;Pregnant
4179;2;-17.13;15.69;yes;3;2;7.9;6.3;6/3/2015;2/1/2016;;9.83;0.00669925486107935;11/2/2015;243;4179-2015-11-02;-17.13;15.69;475.984.979.837.779;-137.620.891.764.603;152.873.876.938.734;-137.620.891.764.603;0.0970928571428572;Pregnant
4179;1;-17.09;15.77;yes;3;2;7.9;6.8;6/3/2015;2/1/2016;;9.83;0.00669925486107935;11/25/2015;243;4179-2015-11-25;-17.09;15.77;474.021.170.277.485;-131.781.713.535.795;175.672.718.689.224;-131.781.713.535.795;0.120683333333333;Pregnant
4179;12;-17.65;15.99;yes;3;2;7.9;1.6;6/3/2015;2/1/2016;;9.83;0.00669925486107935;6/29/2015;243;4179-2015-06-29;-17.8;15.87;450.668.542.867.223;-133.583.923.865.772;265.183.103.425.746;-133.583.923.865.772;-0.326583333333333;Pregnant
4179;13;-17.95;15.75;yes;3;2;7.9;1.3;6/3/2015;2/1/2016;;9.83;0.00669925486107935;6/24/2015;243;4179-2015-06-24;-17.95;15.75;427.536.855.520.605;-131.070.252.968.142;211.739.328.622.349;-131.070.252.968.142;-0.3275;Pregnant
4179;3;-17.15;15.6;yes;3;2;7.9;5.9;6/3/2015;2/1/2016;;9.83;0.00669925486107935;10/17/2015;243;4179-2015-10-17;-17.15;15.6;47.824.499.748.592;-142.171.187.121.089;136.850.967.352.239;-142.171.187.121.089;0.0799785714285715;Pregnant
4179;4;-17.24;15.52;yes;3;2;7.9;5.5;6/3/2015;2/1/2016;;9.83;0.00669925486107935;10/3/2015;243;4179-2015-10-03;-17.24;15.52;47.766.688.496.577;-142.057.526.575.098;122.382.475.237.341;-142.057.526.575.098;0.09725;Pregnant
4179;5;-17.42;15.61;yes;3;2;7.9;5.1;6/3/2015;2/1/2016;;9.83;0.00669925486107935;9/20/2015;243;4179-2015-09-20;-17.42;15.61;487.498.887.397.256;-143.826.204.627.855;109.193.297.885.278;-143.826.204.627.855;-0.10375;Pregnant
4179;7;-17.37;15.19;yes;3;2;7.9;4.1;6/3/2015;2/1/2016;;9.83;0.00669925486107935;8/22/2015;243;4179-2015-08-22;-17.37;15.19;474.262.358.115.661;-144.237.879.320.001;805.646.918.387.987;-144.237.879.320.001;-0.146188095238095;Pregnant
4179;8;-17.4;15.18;yes;3;2;7.9;3.6;6/3/2015;2/1/2016;;9.83;0.00669925486107935;8/10/2015;243;4179-2015-08-10;-17.4;15.18;473.960.252.501.138;-143.681.839.677.453;680.766.161.038.727;-143.681.839.677.453;-0.184934615384615;Pregnant
4179;9;-17.35;15.38;yes;3;2;7.9;3.1;6/3/2015;2/1/2016;;9.83;0.00669925486107935;7/29/2015;243;4179-2015-07-29;-17.35;15.38;455.592.027.963.419;-145.324.064.815.549;565.531.239.456.987;-145.324.064.815.549;-0.229539682539683;Pregnant
4179;10;-17.44;15.31;yes;3;2;7.9;2.6;6/3/2015;2/1/2016;;9.83;0.00669925486107935;7/18/2015;243;4179-2015-07-18;-17.44;15.31;470.637.086.693.741;-144.838.431.970.857;458.558.308.884.667;-144.838.431.970.857;-0.273747863247863;Pregnant
4179;11;-17.49;15.64;yes;3;2;7.9;2.2;6/3/2015;2/1/2016;;9.83;0.00669925486107935;7/10/2015;243;4179-2015-07-10;-17.49;15.64;47.725.220.214.349;-141.933.385.337.698;378.178.012.504.953;-141.933.385.337.698;-0.267371428571429;Pregnant
4209;3;-17.13;15.14;yes;3;2;8.4;6.5;6/2/2016;1/27/2017;;9.83;0.00806596020873331;10/14/2016;239;4209-2016-10-14;-17.13;15.14;492.996.249.296.755;-131.370.774.111.996;134.201.831.171.286;-131.370.774.111.996;-0.197319230769231;Pregnant
4209;2;-17.18;15.1;yes;3;2;8.4;6.9;6/2/2016;1/27/2017;;9.83;0.00806596020873331;10/30/2016;239;4209-2016-10-30;-17.18;15.1;51.208.259.211.187;-132.374.097.733.356;150.067.255.454.535;-132.374.097.733.356;-0.205160714285714;Pregnant
4209;12;-16.78;16.05;yes;3;2;8.4;2.7;6/2/2016;1/27/2017;;9.83;0.00806596020873331;7/11/2016;239;4209-2016-07-11;-16.78;16.05;501.291.617.365.081;-131.336.940.697.455;398.127.056.695.852;-131.336.940.697.455;-0.361720779220779;Pregnant
4209;13;-18.37;15.76;yes;3;2;8.4;2.2;6/2/2016;1/27/2017;;9.83;0.00806596020873331;7/3/2016;239;4209-2016-07-03;-18.37;15.76;471.183.374.054.442;-125.451.865.020.889;314.099.105.756.068;-125.451.865.020.889;-0.274733333333333;Pregnant
4209;14;-17.57;15.09;yes;3;2;8.4;1.7;6/2/2016;1/27/2017;;9.83;0.00806596020873331;6/25/2016;239;4209-2016-06-25;-17.6;15.225;419.138.088.309.116;-1.271.819.599.621;235.406.579.856.133;-1.271.819.599.621;-0.250833333333333;Pregnant
4209;15;-17.63;15.36;yes;3;2;8.4;1.3;6/2/2016;1/27/2017;;9.83;0.00806596020873331;6/19/2016;239;4209-2016-06-19;-17.63;15.36;37.350.032.762.111;-125.225.351.685.316;175.861.979.212.253;-125.225.351.685.316;0.00995833333333333;Pregnant
4209;6;-17.4;14.89;yes;3;2;8.4;5.3;6/2/2016;1/27/2017;;9.83;0.00806596020873331;9/6/2016;239;4209-2016-09-06;-17.4;14.89;494.385.920.849.412;-135.383.828.976.147;960.477.084.706.337;-135.383.828.976.147;-0.282202922077922;Pregnant
4209;7;-17.16;15.19;yes;3;2;8.4;4.9;6/2/2016;1/27/2017;;9.83;0.00806596020873331;8/26/2016;239;4209-2016-08-26;-17.16;15.19;500.121.073.941.512;-12.885.035.128.694;855.570.729.641.451;-12.885.035.128.694;-0.249358099906629;Pregnant
4209;4;-17.22;15.18;yes;3;2;8.4;6.1;6/2/2016;1/27/2017;;9.83;0.00806596020873331;9/30/2016;239;4209-2016-09-30;-17.22;15.18;498.678.553.452.159;-132.718.894.198.439;120.138.294.192.693;-132.718.894.198.439;-0.246314536340852;Pregnant
4209;5;-17.24;14.99;yes;3;2;8.4;5.7;6/2/2016;1/27/2017;;9.83;0.00806596020873331;9/17/2016;239;4209-2016-09-17;-17.24;14.99;49.293.118.802.708;-138.134.962.612.298;107.508.778.216.786;-138.134.962.612.298;-0.225866666666667;Pregnant
4209;10;-16.92;15.45;yes;3;2;8.4;3.6;6/2/2016;1/27/2017;;9.83;0.00806596020873331;7/28/2016;239;4209-2016-07-28;-16.92;15.45;487.350.928.615.228;-129.955.213.050.263;56.541.637.890.292;-129.955.213.050.263;-0.340218253968254;Pregnant
4209;8;-17.01;15.28;yes;3;2;8.4;4.5;6/2/2016;1/27/2017;;9.83;0.00806596020873331;8/16/2016;239;4209-2016-08-16;-17.01;15.28;455.652.911.979.359;-125.690.592.163.177;758.852.858.359.753;-125.690.592.163.177;-0.248578754578755;Pregnant
4209;9;-16.81;15.48;yes;3;2;8.4;4.1;6/2/2016;1/27/2017;;9.83;0.00806596020873331;8/7/2016;239;4209-2016-08-07;-16.81;15.48;453.922.114.110.311;-126.275.666.500.416;669.137.200.612.575;-126.275.666.500.416;-0.299156168831169;Pregnant
5572;2;-17.29;15.37;yes;3;2;9.4;8;6/7/2016;2/1/2017;;9.83;0.0130937615249105;10/13/2016;239;5572-2016-10-13;-17.29;15.37;501.184.455.597.194;-142.260.603.434.316;128.391.139.865.153;-142.260.603.434.316;0.0705444444444444;Pregnant
5572;3;-17.54;14.77;yes;3;2;9.4;7.7;6/7/2016;2/1/2017;;9.83;0.0130937615249105;10/1/2016;239;5572-2016-10-01;-17.54;14.77;499.924.819.641.128;-141.820.089.563.933;116.797.373.430.721;-141.820.089.563.933;0.0859555555555555;Pregnant
5572;4;-17.64;14.43;yes;3;2;9.4;7.3;6/7/2016;2/1/2017;;9.83;0.0130937615249105;9/18/2016;239;5572-2016-09-18;-17.64;14.43;499.189.440.973.967;-141.522.281.179.294;103.653.914.029.027;-141.522.281.179.294;-0.184661111111111;Pregnant
5572;5;-17.65;14.18;yes;3;2;9.4;7;6/7/2016;2/1/2017;;9.83;0.0130937615249105;9/10/2016;239;5572-2016-09-10;-17.65;14.18;487.785.961.669.557;-139.835.108.464.596;95.095.837.825.901;-139.835.108.464.596;-0.193034126984127;Pregnant
5572;6;-17.79;14.06;yes;3;2;9.4;6.6;6/7/2016;2/1/2017;;9.83;0.0130937615249105;8/30/2016;239;5572-2016-08-30;-17.79;14.06;471.151.746.639.085;-138.210.361.021.291;849.990.123.011.751;-138.210.361.021.291;-0.156092063492064;Pregnant
5572;7;-17.83;14.06;yes;3;2;9.4;6.2;6/7/2016;2/1/2017;;9.83;0.0130937615249105;8/22/2016;239;5572-2016-08-22;-17.83;14.06;468.094.248.879.696;-138.361.043.278.424;760.825.133.394.284;-138.361.043.278.424;-0.194227272727273;Pregnant
5572;8;-17.77;14.24;yes;3;2;9.4;5.8;6/7/2016;2/1/2017;;9.83;0.0130937615249105;8/14/2016;239;5572-2016-08-14;-17.77;14.24;470.795.315.809.862;-138.579.931.192.896;680.990.375.839.753;-138.579.931.192.896;-0.218672915972916;Pregnant
5572;9;-17.94;14.34;yes;3;2;9.4;5.3;6/7/2016;2/1/2017;;9.83;0.0130937615249105;8/5/2016;239;5572-2016-08-05;-17.94;14.34;469.371.483.196.321;-138.902.130.887.103;591.668.783.023.319;-138.902.130.887.103;-0.256196428571429;Pregnant
5572;10;-17.9;14.52;yes;3;2;9.4;4.9;6/7/2016;2/1/2017;;9.83;0.0130937615249105;7/29/2016;239;5572-2016-07-29;-17.83;14.605;456.367.614.221.214;-1.368.687.190.339;527.044.841.004.329;-1.368.687.190.339;-0.261413780663781;Pregnant
5572;11;-17.76;14.69;yes;3;2;9.4;4.5;6/7/2016;2/1/2017;;9.83;0.0130937615249105;7/23/2016;239;5572-2016-07-23;-17.68;14.925;448.745.991.559.797;-137.456.337.984.743;46.746.513.201.484;-137.456.337.984.743;-0.279217424242424;Pregnant
5572;12;-17.6;15.16;yes;3;2;9.4;4.1;6/7/2016;2/1/2017;;9.83;0.0130937615249105;7/18/2016;239;5572-2016-07-18;-17.6;15.16;448.305.635.394.531;-138.078.430.965.653;412.198.895.180.446;-138.078.430.965.653;-0.295515909090909;Pregnant
5572;13;-17.55;15.75;yes;3;2;9.4;3.6;6/7/2016;2/1/2017;;9.83;0.0130937615249105;7/11/2016;239;5572-2016-07-11;-17.49;15.865;454.243.210.784.495;-140.006.939.762.299;348.305.260.098.174;-140.006.939.762.299;-0.277888888888889;Pregnant
5572;14;-17.43;15.98;yes;3;2;9.4;3.1;6/7/2016;2/1/2017;;9.83;0.0130937615249105;7/5/2016;239;5572-2016-07-05;-17.52;16.12;462.123.928.226.729;-136.466.256.669.366;289.346.792.960.636;-136.466.256.669.366;-0.32267803030303;Pregnant
5572;15;-17.61;16.26;yes;3;2;9.4;2.5;6/7/2016;2/1/2017;;9.83;0.0130937615249105;6/29/2016;239;5572-2016-06-29;-17.64;16.16;446.300.429.009.024;-133.810.721.049.673;22.412.460.903.782;-133.810.721.049.673;-0.278327272727273;Pregnant
5572;16;-17.67;16.06;yes;3;2;9.4;2.1;6/7/2016;2/1/2017;;9.83;0.0130937615249105;6/25/2016;239;5572-2016-06-25;-17.735;16.1;431.536.282.193.799;-131.460.231.620.675;183.545.477.823.582;-131.460.231.620.675;-0.298916666666667;Pregnant
5572;17;-17.8;16.14;yes;3;2;9.4;1.5;6/7/2016;2/1/2017;;9.83;0.0130937615249105;6/19/2016;239;5572-2016-06-19;-17.8;16.14;409.390.055.271.989;-12.793.449.670.211;126.453.714.362.615;-12.793.449.670.211;-0.3062;Pregnant
5624;3;-17.44;13.76;yes;3;2;7.6;5.7;5/27/2015;1/25/2016;;9.83;0.0061046804472718;10/16/2015;243;5624-2015-10-16;-17.44;13.76;460.259.566.846.257;-158.534.898.777.669;142.048.635.416.072;-158.534.898.777.669;0.1019;Pregnant
5624;12;-18.04;14.13;yes;3;2;7.6;1.1;5/27/2015;1/25/2016;;9.83;0.0061046804472718;6/15/2015;243;5624-2015-06-15;-18.04;14.13;409.791.111.744.444;-125.940.656.131.501;194.397.668.039.468;-125.940.656.131.501;-0.307733333333333;Pregnant
5624;4;-17.44;13.38;yes;3;2;7.6;5.3;5/27/2015;1/25/2016;;9.83;0.0061046804472718;9/30/2015;243;5624-2015-09-30;-17.44;13.38;461.306.905.209.719;-158.632.244.122.835;126.905.413.208.049;-158.632.244.122.835;0.119161904761905;Pregnant
5624;5;-17.62;13.5;yes;3;2;7.6;5;5/27/2015;1/25/2016;;9.83;0.0061046804472718;9/20/2015;243;5624-2015-09-20;-17.62;13.5;466.338.551.819.248;-159.202.403.324.158;116.401.255.173.344;-159.202.403.324.158;0.0281666666666667;Pregnant
5624;6;-17.54;13.42;yes;3;2;7.6;4.5;5/27/2015;1/25/2016;;9.83;0.0061046804472718;9/4/2015;243;5624-2015-09-04;-17.54;13.42;463.903.451.327.275;-159.398.098.555.597;100.265.313.027.951;-159.398.098.555.597;-0.155014285714286;Pregnant
5624;7;-17.69;13.58;yes;3;2;7.6;4;5/27/2015;1/25/2016;;9.83;0.0061046804472718;8/20/2015;243;5624-2015-08-20;-17.69;13.58;460.339.154.287.464;-159.884.877.537.532;855.772.776.821.035;-159.884.877.537.532;-0.164201139546728;Pregnant
5624;8;-17.82;13.53;yes;3;2;7.6;3.5;5/27/2015;1/25/2016;;9.83;0.0061046804472718;8/7/2015;243;5624-2015-08-07;-17.82;13.53;468.056.532.200.464;-15.963.038.970.413;720.985.646.676.521;-15.963.038.970.413;-0.253731934731935;Pregnant
5624;9;-17.67;13.56;yes;3;2;7.6;3;5/27/2015;1/25/2016;;9.83;0.0061046804472718;7/25/2015;243;5624-2015-07-25;-17.67;13.56;489.926.461.359.946;-153.786.282.090.838;596.450.975.151.526;-153.786.282.090.838;-0.160042857142857;Pregnant
5624;10;-17.58;13.87;yes;3;2;7.6;2.5;5/27/2015;1/25/2016;;9.83;0.0061046804472718;7/14/2015;243;5624-2015-07-14;-17.58;13.87;502.733.532.274.127;-144.754.678.700.705;480.718.721.963.024;-144.754.678.700.705;-0.269510822510823;Pregnant
5624;11;-17.99;14.4;yes;3;2;7.6;1.7;5/27/2015;1/25/2016;;9.83;0.0061046804472718;6/27/2015;243;5624-2015-06-27;-17.99;14.4;467.271.710.282.526;-131.228.482.443.733;311.036.772.914.479;-131.228.482.443.733;-0.367416666666667;Pregnant
5974;1;-17.19;15.73;yes;4;1;12.7;11.6;6/18/2020;2/3/2021;;14.41;0.00926708278042114;12/11/2020;230;5974-2020-12-11;-17.19;15.73;4.142.144.429;-1.532.581.404;176.402.646.377.514;-1.532.581.404;0.134833333333333;Pregnant
5974;2;-17.3;15.51;yes;4;1;12.7;11.3;6/18/2020;2/3/2021;;14.41;0.00926708278042114;11/30/2020;230;5974-2020-11-30;-17.3;15.51;4.110.863.512;-1.557.666.757;16.545.656.493.538;-1.557.666.757;0.1092;Pregnant
5974;3;-17.32;15.45;yes;4;1;12.7;11;6/18/2020;2/3/2021;;14.41;0.00926708278042114;11/20/2020;230;5974-2020-11-20;-17.32;15.45;42.744.370.595;-1.635.042.477;155.519.288.309.468;-1.635.042.477;0.129;Pregnant
5974;4;-17.34;15.17;yes;4;1;12.7;10.7;6/18/2020;2/3/2021;;14.41;0.00926708278042114;11/11/2020;230;5974-2020-11-11;-17.34;15.17;4.277.126.943;-16.582.326.205;146.420.461.060.178;-16.582.326.205;0.0767142857142857;Pregnant
5974;5;-17.34;15;yes;4;1;12.7;10.4;6/18/2020;2/3/2021;;14.41;0.00926708278042114;11/3/2020;230;5974-2020-11-03;-17.34;15;43.517.632.335;-16.569.394.495;138.029.539.500.326;-16.569.394.495;0.100785714285714;Pregnant
5974;6;-17.49;14.99;yes;4;1;12.7;10;6/18/2020;2/3/2021;;14.41;0.00926708278042114;10/23/2020;230;5974-2020-10-23;-17.49;14.99;4.253.659.604;-1.674.033.786;127.769.196.478.341;-1.674.033.786;0.110333333333333;Pregnant
5974;7;-17.51;14.32;yes;4;1;12.7;9.7;6/18/2020;2/3/2021;;14.41;0.00926708278042114;10/16/2020;230;5974-2020-10-16;-17.505;14.215;42.540.024.345;-167.500.102;120.667.369.492.548;-167.500.102;0.0802727272727273;Pregnant
5974;8;-17.5;14.11;yes;4;1;12.7;9.4;6/18/2020;2/3/2021;;14.41;0.00926708278042114;10/10/2020;230;5974-2020-10-10;-17.5;14.11;4.124.457.299;-16.666.871.535;114.004.214.697.069;-16.666.871.535;-0.00791666666666668;Pregnant
5974;9;-17.56;13.83;yes;4;1;12.7;9.1;6/18/2020;2/3/2021;;14.41;0.00926708278042114;10/3/2020;230;5974-2020-10-03;-17.56;13.83;4.153.376.606;-1.677.906.015;107.728.677.774.066;-1.677.906.015;-0.0661666666666667;Pregnant
5974;10;-17.62;13.55;yes;4;1;12.7;8.7;6/18/2020;2/3/2021;;14.41;0.00926708278042114;9/25/2020;230;5974-2020-09-25;-17.63;13.53;4.236.309.856;-1.693.194.462;998.915.633.190.699;-1.693.194.462;-0.0968769841269841;Pregnant
5974;11;-17.64;13.51;yes;4;1;12.7;8.4;6/18/2020;2/3/2021;;14.41;0.00926708278042114;9/20/2020;230;5974-2020-09-20;-17.665;13.465;4.480.356.107;-16.889.566.275;943.660.137.915.142;-16.889.566.275;-0.0862857142857143;Pregnant
5974;12;-17.69;13.42;yes;4;1;12.7;8.1;6/18/2020;2/3/2021;;14.41;0.00926708278042114;9/15/2020;230;5974-2020-09-15;-17.69;13.42;45.447.347.705;-17.183.600.835;891.096.748.593.808;-17.183.600.835;-0.119633333333333;Pregnant
5974;13;-17.59;13.35;yes;4;1;12.7;7.7;6/18/2020;2/3/2021;;14.41;0.00926708278042114;9/8/2020;230;5974-2020-09-08;-17.555;13.355;45.832.445.375;-17.258.864.125;824.772.452.278.766;-17.258.864.125;-0.156632142857143;Pregnant
5974;14;-17.52;13.36;yes;4;1;12.7;7.4;6/18/2020;2/3/2021;;14.41;0.00926708278042114;9/3/2020;230;5974-2020-09-03;-17.565;13.51;4.524.351.911;-1.728.962.934;777.574.481.677.595;-1.728.962.934;-0.137635930735931;Pregnant
5974;15;-17.61;13.66;yes;4;1;12.7;7.1;6/18/2020;2/3/2021;;14.41;0.00926708278042114;8/30/2020;230;5974-2020-08-30;-17.6;13.48;44.295.488.675;-17.286.517.575;732.354.671.184.774;-17.286.517.575;-0.184948484848485;Pregnant
5974;16;-17.59;13.3;yes;4;1;12.7;6.8;6/18/2020;2/3/2021;;14.41;0.00926708278042114;8/25/2020;230;5974-2020-08-25;-17.6;13.345;4.484.865.438;-17.302.604.535;688.953.852.324.188;-17.302.604.535;-0.2202;Pregnant
5974;17;-17.61;13.39;yes;4;1;12.7;6.5;6/18/2020;2/3/2021;;14.41;0.00926708278042114;8/21/2020;230;5974-2020-08-21;-17.605;13.395;4.451.526.792;-1.725.613.089;647.231.326.668.489;-1.725.613.089;-0.199339285714286;Pregnant
5974;18;-17.6;13.4;yes;4;1;12.7;6.2;6/18/2020;2/3/2021;;14.41;0.00926708278042114;8/17/2020;230;5974-2020-08-17;-17.575;13.415;44.672.621.745;-1.721.144.129;607.062.114.234.765;-1.721.144.129;-0.208069444444444;Pregnant
5974;19;-17.55;13.43;yes;4;1;12.7;5.8;6/18/2020;2/3/2021;;14.41;0.00926708278042114;8/12/2020;230;5974-2020-08-12;-17.52;13.425;4.496.290.105;-17.014.954.535;555.728.381.600.121;-17.014.954.535;-0.184469047619048;Pregnant
5974;20;-17.49;13.42;yes;4;1;12.7;5.5;6/18/2020;2/3/2021;;14.41;0.00926708278042114;8/8/2020;230;5974-2020-08-08;-17.445;13.465;44.865.185.025;-16.866.840.765;518.769.692.598.835;-16.866.840.765;-0.189888888888889;Pregnant
5974;21;-17.4;13.51;yes;4;1;12.7;5.2;6/18/2020;2/3/2021;;14.41;0.00926708278042114;8/5/2020;230;5974-2020-08-05;-17.4;13.565;456.788.538;-1.653.133.185;483.035.028.768.634;-1.653.133.185;-0.203833333333333;Pregnant
5974;22;-17.4;13.62;yes;4;1;12.7;4.8;6/18/2020;2/3/2021;;14.41;0.00926708278042114;7/31/2020;230;5974-2020-07-31;-17.37;13.635;4.630.780.712;-1.592.565.001;437.158.269.358.647;-1.592.565.001;-0.127008080808081;Pregnant
5974;23;-17.34;13.65;yes;4;1;12.7;4.4;6/18/2020;2/3/2021;;14.41;0.00926708278042114;7/27/2020;230;5974-2020-07-27;-17.35;13.635;4.578.283.696;-1.581.579.873;393.152.651.505.448;-1.581.579.873;-0.154272727272727;Pregnant
5974;24;-17.36;13.62;yes;4;1;12.7;4;6/18/2020;2/3/2021;;14.41;0.00926708278042114;7/23/2020;230;5974-2020-07-23;-17.365;13.655;44.696.919.285;-15.032.090.175;350.871.504.106.483;-15.032.090.175;-0.191473484848485;Pregnant
5974;25;-17.37;13.69;yes;4;1;12.7;3.6;6/18/2020;2/3/2021;;14.41;0.00926708278042114;7/19/2020;230;5974-2020-07-19;-17.37;13.66;44.364.765.375;-14.933.691.395;310.184.753.035.368;-14.933.691.395;-0.236645454545455;Pregnant
5974;26;-17.37;13.63;yes;4;1;12.7;3.2;6/18/2020;2/3/2021;;14.41;0.00926708278042114;7/15/2020;230;5974-2020-07-15;-174.233.333.333.333;137.533.333.333.333;4.415.157.283;-1.440.243.039;270.976.507.793.698;-1.440.243.039;-0.258160714285714;Pregnant
5974;27;-17.43;13.81;yes;4;1;12.7;2.9;6/18/2020;2/3/2021;;14.41;0.00926708278042114;7/12/2020;230;5974-2020-07-12;-17.45;13.815;43.805.599.275;-14.170.853.545;242.477.802.995.786;-14.170.853.545;-0.273867857142857;Pregnant
5974;28;-17.47;13.82;yes;4;1;12.7;2.6;6/18/2020;2/3/2021;;14.41;0.00926708278042114;7/9/2020;230;5974-2020-07-09;-17.475;13.59;4.337.016.635;-14.135.959.345;214.712.423.010.364;-14.135.959.345;-0.305666666666667;Pregnant
5974;29;-17.48;13.36;yes;4;1;12.7;2.2;6/18/2020;2/3/2021;;14.41;0.00926708278042114;7/5/2020;230;5974-2020-07-05;-176.366.666.666.667;13.98;4.281.314.277;-13.612.262.535;178.769.442.136.448;-13.612.262.535;-0.174677380952381;Pregnant
5974;30;-17.67;14.06;yes;4;1;12.7;1.8;6/18/2020;2/3/2021;;14.41;0.00926708278042114;7/2/2020;230;5974-2020-07-02;-17.715;14.29;41.648.037.575;-13.195.713.315;143.985.181.956.628;-13.195.713.315;-0.119433333333333;Pregnant
5974;31;-17.76;14.52;yes;4;1;12.7;1.4;6/18/2020;2/3/2021;;14.41;0.00926708278042114;6/29/2020;230;5974-2020-06-29;-17.8;14.98;40.758.942.785;-1.284.331.433;110.287.260.736.415;-1.284.331.433;-0.117083333333333;Pregnant
5974;32;-17.84;15.44;yes;4;1;12.7;0.9;6/18/2020;2/3/2021;;14.41;0.00926708278042114;6/24/2020;230;5974-2020-06-24;-17.84;15.44;37.676.476.865;-12.569.634.705;695.928.368.909.767;-12.569.634.705;0.0737380952380952;Pregnant
6118;1;-17.03;15.02;yes;3;2;9;8;6/10/2016;1/30/2017;;9.83;0.0105631133006435;11/16/2016;234;6118-2016-11-16;-17.03;15.02;416.418.124.972.164;-15.128.653.952.513;159.150.329.969.793;-15.128.653.952.513;0.174520202020202;Pregnant
6118;2;-17.14;14.91;yes;3;2;9;7.5;6/10/2016;1/30/2017;;9.83;0.0105631133006435;10/24/2016;234;6118-2016-10-24;-17.14;14.91;420.597.987.544.566;-152.835.528.481.923;136.282.800.875.927;-152.835.528.481.923;0.144233134920635;Pregnant
6118;3;-17.06;14.85;yes;3;2;9;7.1;6/10/2016;1/30/2017;;9.83;0.0105631133006435;10/9/2016;234;6118-2016-10-09;-17.06;14.85;427.564.389.592.716;-155.014.307.088.842;121.284.065.454.845;-155.014.307.088.842;0.16375;Pregnant
6118;4;-17.14;14.85;yes;3;2;9;6.7;6/10/2016;1/30/2017;;9.83;0.0105631133006435;9/26/2016;234;6118-2016-09-26;-17.14;14.85;425.700.335.555.523;-157.532.050.060.654;10.833.983.287.269;-157.532.050.060.654;-0.086947619047619;Pregnant
6118;12;-17.06;14.5;yes;3;2;9;3;6/10/2016;1/30/2017;;9.83;0.0105631133006435;7/14/2016;234;6118-2016-07-14;-17.06;14.5;444.625.203.201.295;-150.018.340.884.556;344.703.545.453.951;-150.018.340.884.556;-0.252527777777778;Pregnant
6118;13;-17.1;14.42;yes;3;2;9;2.4;6/10/2016;1/30/2017;;9.83;0.0105631133006435;7/6/2016;234;6118-2016-07-06;-17.1;14.42;442.355.925.656.576;-143.856.483.014.421;26.499.107.551.216;-143.856.483.014.421;-0.2522;Pregnant
6118;14;-17.26;14.53;yes;3;2;9;1.8;6/10/2016;1/30/2017;;9.83;0.0105631133006435;6/29/2016;234;6118-2016-06-29;-17.445;14.825;431.198.860.433.807;-137.697.532.850.646;19.147.234.384.779;-137.697.532.850.646;-0.17831746031746;Pregnant
6118;15;-17.63;15.12;yes;3;2;9;1.5;6/10/2016;1/30/2017;;9.83;0.0105631133006435;6/25/2016;234;6118-2016-06-25;-17.63;15.12;415.876.334.582.323;-134.470.553.061.721;156.748.747.521.501;-134.470.553.061.721;-0.0936071428571429;Pregnant
6118;7;-17.06;14.94;yes;3;2;9;5.3;6/10/2016;1/30/2017;;9.83;0.0105631133006435;8/22/2016;234;6118-2016-08-22;-17.06;14.94;432.381.821.576.957;-164.213.875.710.493;733.417.291.488.223;-164.213.875.710.493;-0.222411796536797;Pregnant
6118;8;-16.98;14.35;yes;3;2;9;4.9;6/10/2016;1/30/2017;;9.83;0.0105631133006435;8/14/2016;234;6118-2016-08-14;-16.98;14.35;41.873.697.032.625;-163.392.426.089.022;653.311.127.565.442;-163.392.426.089.022;-0.241531746031746;Pregnant
6118;5;-17.17;14.62;yes;3;2;9;6.3;6/10/2016;1/30/2017;;9.83;0.0105631133006435;9/14/2016;234;6118-2016-09-14;-17.17;14.62;424.617.372.004.432;-161.549.913.478.659;969.544.710.981.653;-161.549.913.478.659;-0.188666666666667;Pregnant
6118;6;-17.08;14.58;yes;3;2;9;5.8;6/10/2016;1/30/2017;;9.83;0.0105631133006435;9/2/2016;234;6118-2016-09-02;-17.08;14.58;428.480.159.191.812;-164.662.271.537.147;844.138.023.347.877;-164.662.271.537.147;-0.213125252525253;Pregnant
6118;11;-16.99;14.27;yes;3;2;9;3.5;6/10/2016;1/30/2017;;9.83;0.0105631133006435;7/21/2016;234;6118-2016-07-21;-16.99;14.27;439.391.966.677.664;-154.632.338.741.083;416.675.165.243.364;-154.632.338.741.083;-0.220933333333333;Pregnant
6118;9;-16.97;14.36;yes;3;2;9;4.4;6/10/2016;1/30/2017;;9.83;0.0105631133006435;8/5/2016;234;6118-2016-08-05;-16.97;14.36;413.206.929.811.009;-160.516.511.269.402;561.860.678.117.584;-160.516.511.269.402;-0.223005555555556;Pregnant
6118;10;-17;14.19;yes;3;2;9;3.9;6/10/2016;1/30/2017;;9.83;0.0105631133006435;7/27/2016;234;6118-2016-07-27;-16.995;14.23;42.781.413.051.394;-157.727.958.886.125;478.471.362.338.463;-157.727.958.886.125;-0.204638461538462;Pregnant
6356;1;-17.4;13.57;yes;3;2;8.2;7.2;5/31/2015;1/29/2016;;9.83;0.00739448114954899;11/25/2015;243;6356-2015-11-25;-17.4;13.57;449.766.241.892.827;-155.174.501.583.463;17.830.258.287.288;-155.174.501.583.463;0.10855;Pregnant
6356;2;-17.52;13.25;yes;3;2;8.2;6.9;5/31/2015;1/29/2016;;9.83;0.00739448114954899;11/10/2015;243;6356-2015-11-10;-17.52;13.25;450.045.461.570.202;-160.736.466.486.312;163.694.583.385.871;-160.736.466.486.312;0.0615;Pregnant
6356;12;-18.03;12.99;yes;3;2;8.2;3.9;5/31/2015;1/29/2016;;9.83;0.00739448114954899;8/7/2015;243;6356-2015-08-07;-18.03;12.99;516.734.508.975.629;-17.143.928.397.743;683.502.616.245.465;-17.143.928.397.743;-0.2647875;Pregnant
6356;13;-17.98;13.13;yes;3;2;8.2;3.6;5/31/2015;1/29/2016;;9.83;0.00739448114954899;7/31/2015;243;6356-2015-07-31;-179.366.666.666.667;13.11;514.272.963.857.802;-170.464.426.452.095;616.760.787.046.618;-170.464.426.452.095;-0.258625;Pregnant
6356;14;-17.94;13.12;yes;3;2;8.2;3.4;5/31/2015;1/29/2016;;9.83;0.00739448114954899;7/27/2015;243;6356-2015-07-27;-17.91;131.433.333.333.333;516.237.798.082.268;-170.142.839.711.552;574.028.640.177.736;-170.142.839.711.552;-0.282485805860806;Pregnant
6356;15;-17.89;13.08;yes;3;2;8.2;3.3;5/31/2015;1/29/2016;;9.83;0.00739448114954899;7/25/2015;243;6356-2015-07-25;-17.88;13.2;515.014.899.424.768;-169.238.143.645.032;553.158.474.000.157;-169.238.143.645.032;-0.290481746031746;Pregnant
6356;16;-17.9;13.23;yes;3;2;8.2;3.2;5/31/2015;1/29/2016;;9.83;0.00739448114954899;7/23/2015;243;6356-2015-07-23;-17.875;13.26;515.482.648.172.127;-167.106.860.304.203;532.605.495.904.634;-167.106.860.304.203;-0.296755555555556;Pregnant
6356;3;-17.65;13.12;yes;3;2;8.2;6.6;5/31/2015;1/29/2016;;9.83;0.00739448114954899;10/28/2015;243;6356-2015-10-28;-17.65;13.12;447.152.964.823.325;-16.017.723.184.201;150.511.817.450.827;-16.017.723.184.201;0.0845222222222222;Pregnant
6356;4;-17.83;13.03;yes;3;2;8.2;6.3;5/31/2015;1/29/2016;;9.83;0.00739448114954899;10/16/2015;243;6356-2015-10-16;-17.83;13.03;456.041.249.582.196;-162.587.937.223.448;138.500.733.520.206;-162.587.937.223.448;0.0839861111111111;Pregnant
6356;5;-17.95;12.68;yes;3;2;8.2;6;5/31/2015;1/29/2016;;9.83;0.00739448114954899;10/5/2015;243;6356-2015-10-05;-17.95;12.68;4.727.723.709.913;-163.252.639.480.665;12.746.994.845.257;-163.252.639.480.665;-0.133126695526696;Pregnant
6356;6;-18.03;12.67;yes;3;2;8.2;5.7;5/31/2015;1/29/2016;;9.83;0.00739448114954899;9/25/2015;243;6356-2015-09-25;-18.03;12.67;507.381.920.886.712;-167.697.466.323.918;117.271.450.105.599;-167.697.466.323.918;-0.13672987012987;Pregnant
6356;7;-18.05;12.55;yes;3;2;8.2;5.4;5/31/2015;1/29/2016;;9.83;0.00739448114954899;9/15/2015;243;6356-2015-09-15;-18.05;12.55;515.089.374.991.911;-169.015.300.298.713;107.788.407.865.594;-169.015.300.298.713;-0.1223375;Pregnant
6356;8;-18;12.81;yes;3;2;8.2;5.1;5/31/2015;1/29/2016;;9.83;0.00739448114954899;9/6/2015;243;6356-2015-09-06;-18;12.81;515.283.490.383.906;-169.397.449.127.836;989.269.857.966.789;-169.397.449.127.836;-0.14900617131063;Pregnant
6356;10;-18.12;12.56;yes;3;2;8.2;4.5;5/31/2015;1/29/2016;;9.83;0.00739448114954899;8/21/2015;243;6356-2015-08-21;-18.12;12.56;51.345.705.490.164;-173.639.335.146.817;827.762.872.880.752;-173.639.335.146.817;-0.20997113997114;Pregnant
6356;11;-18.05;12.95;yes;3;2;8.2;4.2;5/31/2015;1/29/2016;;9.83;0.00739448114954899;8/14/2015;243;6356-2015-08-14;-18.05;12.95;513.634.539.250.356;-174.518.415.407.324;753.710.072.060.233;-174.518.415.407.324;-0.244404166666667;Pregnant
6356;19;-17.68;14.25;yes;3;2;8.2;1.4;5/31/2015;1/29/2016;;9.83;0.00739448114954899;6/20/2015;243;6356-2015-06-20;-18.025;13.945;456.914.401.113.557;-135.816.143.471.176;207.779.503.440.471;-135.816.143.471.176;-0.327544444444444;Pregnant
6356;20;-18.37;13.64;yes;3;2;8.2;1.1;5/31/2015;1/29/2016;;9.83;0.00739448114954899;6/16/2015;243;6356-2015-06-16;-18.37;13.64;435.510.088.228.617;-133.075.254.453.944;160.489.372.962.686;-133.075.254.453.944;-0.3565;Pregnant
6356;17;-17.85;13.29;yes;3;2;8.2;3;5/31/2015;1/29/2016;;9.83;0.00739448114954899;7/19/2015;243;6356-2015-07-19;-17.82;13.385;529.001.290.540.328;-163.670.409.219.425;492.413.535.462.982;-163.670.409.219.425;-0.248737662337662;Pregnant
6356;18;-17.79;13.48;yes;3;2;8.2;2.7;5/31/2015;1/29/2016;;9.83;0.00739448114954899;7/13/2015;243;6356-2015-07-13;-17.79;13.48;518.300.039.164.587;-157.018.913.233.042;434.280.233.106.624;-157.018.913.233.042;-0.237302380952381;Pregnant
6609;1;-17.2;15.74;yes;4;1;10.3;9;6/18/2020;2/4/2021;;14.41;0.00543073325326099;12/15/2020;231;6609-2020-12-15;-17.2;15.74;4.847.585.543;-1.419.833.852;180.394.298.792.854;-1.419.833.852;0.192805555555556;Pregnant
6609;2;-17.11;16.01;yes;4;1;10.3;8.8;6/18/2020;2/4/2021;;14.41;0.00543073325326099;12/8/2020;231;6609-2020-12-08;-17.11;16.01;47.817.611.375;-1.451.720.382;173.709.819.002.869;-1.451.720.382;0.181416666666667;Pregnant
6609;3;-17.28;15.72;yes;4;1;10.3;8.5;6/18/2020;2/4/2021;;14.41;0.00543073325326099;11/29/2020;231;6609-2020-11-29;-17.28;15.72;47.238.021.565;-14.973.107.335;164.117.171.112.804;-14.973.107.335;0.113916666666667;Pregnant
6609;4;-17.3;15.51;yes;4;1;10.3;8.2;6/18/2020;2/4/2021;;14.41;0.00543073325326099;11/19/2020;231;6609-2020-11-19;-17.3;15.51;46.328.944.525;-1.555.129.035;154.999.605.911.523;-1.555.129.035;0.116111111111111;Pregnant
6609;5;-17.35;15.24;yes;4;1;10.3;7.8;6/18/2020;2/4/2021;;14.41;0.00543073325326099;11/8/2020;231;6609-2020-11-08;-17.35;15.24;4.695.260.544;-15.594.133.705;143.505.254.226.926;-15.594.133.705;0.102116666666667;Pregnant
6609;6;-17.35;14.7;yes;4;1;10.3;7.5;6/18/2020;2/4/2021;;14.41;0.00543073325326099;10/31/2020;231;6609-2020-10-31;-17.35;14.7;46.801.702.955;-1.558.649.614;135.332.143.553.642;-1.558.649.614;0.0535;Pregnant
6609;7;-17.4;14.51;yes;4;1;10.3;7.2;6/18/2020;2/4/2021;;14.41;0.00543073325326099;10/23/2020;231;6609-2020-10-23;-17.4;14.51;47.365.539.265;-15.883.588.935;127.506.439.079.617;-15.883.588.935;0.00824999999999999;Pregnant
6609;8;-17.46;14.22;yes;4;1;10.3;6.8;6/18/2020;2/4/2021;;14.41;0.00543073325326099;10/13/2020;231;6609-2020-10-13;-17.46;14.22;47.859.093.425;-15.959.513.505;117.564.094.637.583;-15.959.513.505;-0.0857738095238095;Pregnant
6609;9;-17.63;14.26;yes;4;1;10.3;6.5;6/18/2020;2/4/2021;;14.41;0.00543073325326099;10/6/2020;231;6609-2020-10-06;-17.63;14.26;4.847.957.538;-15.746.271.285;110.444.501.738.639;-15.746.271.285;-0.10618253968254;Pregnant
6609;10;-17.68;14.23;yes;4;1;10.3;6.1;6/18/2020;2/4/2021;;14.41;0.00543073325326099;9/27/2020;231;6609-2020-09-27;-17.68;14.23;47.873.317.995;-15.682.498.725;101.360.677.365.903;-15.682.498.725;-0.207041025641026;Pregnant
6609;11;-17.67;14.31;yes;4;1;10.3;5.8;6/18/2020;2/4/2021;;14.41;0.00543073325326099;9/20/2020;231;6609-2020-09-20;-17.67;14.31;478.092.767;-156.771.832;948.303.051.457.306;-156.771.832;-0.175050595238095;Pregnant
6609;12;-17.68;14.42;yes;4;1;10.3;5.4;6/18/2020;2/4/2021;;14.41;0.00543073325326099;9/12/2020;231;6609-2020-09-12;-17.68;14.42;46.413.768.945;-1.573.247.612;86.468.496.332.279;-1.573.247.612;-0.0761126984126984;Pregnant
6609;13;-17.8;14.41;yes;4;1;10.3;5;6/18/2020;2/4/2021;;14.41;0.00543073325326099;9/4/2020;231;6609-2020-09-04;-17.78;14.315;47.289.203.725;-15.813.249.645;784.699.664.926.915;-15.813.249.645;-0.168171428571429;Pregnant
6609;14;-17.76;14.22;yes;4;1;10.3;4.7;6/18/2020;2/4/2021;;14.41;0.00543073325326099;8/29/2020;231;6609-2020-08-29;-17.815;14.195;46.353.905.115;-15.722.425.395;726.911.283.059.529;-15.722.425.395;-0.176238888888889;Pregnant
6609;15;-17.87;14.17;yes;4;1;10.3;4.4;6/18/2020;2/4/2021;;14.41;0.00543073325326099;8/24/2020;231;6609-2020-08-24;-17.87;14.17;460.108.536;-15.814.286.335;670.881.443.984.613;-15.814.286.335;-0.224493795093795;Pregnant
6609;16;-18.01;14.36;yes;4;1;10.3;4;6/18/2020;2/4/2021;;14.41;0.00543073325326099;8/16/2020;231;6609-2020-08-16;-18;14.17;45.434.922.685;-15.774.403.195;598.732.274.669.023;-15.774.403.195;-0.233841391941392;Pregnant
6609;17;-17.99;13.98;yes;4;1;10.3;3.7;6/18/2020;2/4/2021;;14.41;0.00543073325326099;8/11/2020;231;6609-2020-08-11;-17.99;13.98;45.126.367.995;-1.583.095.222;546.417.052.197.512;-1.583.095.222;-0.275776515151515;Pregnant
6609;18;-18.07;13.7;yes;4;1;10.3;3.3;6/18/2020;2/4/2021;;14.41;0.00543073325326099;8/4/2020;231;6609-2020-08-04;-18.085;13.76;4.496.093.441;-1.587.925.514;478.898.141.800.115;-1.587.925.514;-0.309014285714286;Pregnant
6609;19;-18.1;13.82;yes;4;1;10.3;2.9;6/18/2020;2/4/2021;;14.41;0.00543073325326099;7/29/2020;231;6609-2020-07-29;-17.92;14.1;46.665.100.255;-15.622.322.175;413.767.675.189.563;-15.622.322.175;-0.255630952380952;Pregnant
6609;20;-17.74;14.38;yes;4;1;10.3;2.5;6/18/2020;2/4/2021;;14.41;0.00543073325326099;7/23/2020;231;6609-2020-07-23;-17.76;14.485;46.432.820.445;-15.373.078.335;350.862.430.095.976;-15.373.078.335;-0.307046245421245;Pregnant
6609;21;-17.78;14.59;yes;4;1;10.3;2.1;6/18/2020;2/4/2021;;14.41;0.00543073325326099;7/17/2020;231;6609-2020-07-17;-17.7;14.56;45.747.135.955;-14.976.232.485;290.035.364.415.083;-14.976.232.485;-0.171416666666667;Pregnant
6609;22;-17.62;14.53;yes;4;1;10.3;1.7;6/18/2020;2/4/2021;;14.41;0.00543073325326099;7/11/2020;231;6609-2020-07-11;-17.62;14.615;4.573.029.866;-1.437.630.852;231.153.545.858.076;-1.437.630.852;-0.250444444444444;Pregnant
6609;23;-17.62;14.7;yes;4;1;10.3;1.4;6/18/2020;2/4/2021;;14.41;0.00543073325326099;7/6/2020;231;6609-2020-07-06;-17.62;14.7;44.336.571.445;-1.387.204.216;188.195.797.364.276;-1.387.204.216;-0.292207142857143;Pregnant
6609;24;-17.89;14.88;yes;4;1;10.3;0.9;6/18/2020;2/4/2021;;14.41;0.00543073325326099;6/29/2020;231;6609-2020-06-29;-17.89;14.88;4.173.886.966;-1.320.688.873;118.754.236.365.027;-1.320.688.873;-0.168833333333333;Pregnant
7589;3;-17.61;13.8;yes;3;2;8.2;6.4;6/15/2016;2/4/2017;;9.83;0.00767888427068549;10/30/2016;234;7589-2016-10-30;-17.61;13.8;491.041.075.685.534;-147.583.146.287.771;13.711.349.668.345;-147.583.146.287.771;0.137040909090909;Pregnant
7589;2;-17.52;14.2;yes;3;2;8.2;6.8;6/15/2016;2/4/2017;;9.83;0.00767888427068549;11/15/2016;234;7589-2016-11-15;-17.52;14.2;489.062.461.122.373;-144.924.321.418.056;153.261.368.859.352;-144.924.321.418.056;0.183788888888889;Pregnant
7589;7;-17.91;13.67;yes;3;2;8.2;4.9;6/15/2016;2/4/2017;;9.83;0.00767888427068549;9/12/2016;234;7589-2016-09-12;-17.91;13.67;483.166.311.151.974;-151.417.500.539.818;898.698.198.563.771;-151.417.500.539.818;0.101691666666667;Pregnant
7589;4;-17.65;13.67;yes;3;2;8.2;6.1;6/15/2016;2/4/2017;;9.83;0.00767888427068549;10/19/2016;234;7589-2016-10-19;-17.65;13.67;482.513.576.441.963;-149.389.924.785.998;126.194.205.609.099;-149.389.924.785.998;0.146812454212454;Pregnant
7589;5;-17.84;13.43;yes;3;2;8.2;5.7;6/15/2016;2/4/2017;;9.83;0.00767888427068549;10/5/2016;234;7589-2016-10-05;-17.84;13.43;493.123.835.444.973;-150.456.173.837.919;112.928.063.064.654;-150.456.173.837.919;0.117712121212121;Pregnant
7589;6;-17.89;13.51;yes;3;2;8.2;5.2;6/15/2016;2/4/2017;;9.83;0.00767888427068549;9/21/2016;234;7589-2016-09-21;-17.89;13.51;487.575.488.504.119;-149.852.653.506.279;980.457.628.375.926;-149.852.653.506.279;0.114044480519481;Pregnant
7589;15;-18.41;14.04;yes;3;2;8.2;1.2;6/15/2016;2/4/2017;;9.83;0.00767888427068549;7/1/2016;234;7589-2016-07-01;-18.41;14.04;418.543.264.390.755;-13.011.223.043.748;169.548.627.735.895;-13.011.223.043.748;-0.295666666666667;Pregnant
7589;11;-17.89;13.98;yes;3;2;8.2;3.2;6/15/2016;2/4/2017;;9.83;0.00767888427068549;8/5/2016;234;7589-2016-08-05;-17.89;13.98;483.534.616.639.715;-150.721.649.679.131;512.879.366.426.667;-150.721.649.679.131;-0.241955555555556;Pregnant
7589;8;-17.99;13.72;yes;3;2;8.2;4.5;6/15/2016;2/4/2017;;9.83;0.00767888427068549;9/2/2016;234;7589-2016-09-02;-17.99;13.72;483.686.672.246.931;-151.471.280.334.674;797.104.988.699.986;-151.471.280.334.674;-0.115065691699605;Pregnant
7589;9;-18.01;13.86;yes;3;2;8.2;4;6/15/2016;2/4/2017;;9.83;0.00767888427068549;8/22/2016;234;7589-2016-08-22;-18.01;13.86;481.945.621.083.119;-150.891.899.228.262;680.335.730.271.428;-150.891.899.228.262;-0.156642406204906;Pregnant
7589;10;-17.98;13.97;yes;3;2;8.2;3.6;6/15/2016;2/4/2017;;9.83;0.00767888427068549;8/13/2016;234;7589-2016-08-13;-17.98;13.97;483.918.881.820.599;-150.888.741.098.215;593.917.794.933.777;-150.888.741.098.215;-0.198384759976865;Pregnant
7589;1;-17.38;14.57;yes;3;2;8.2;7.2;6/15/2016;2/4/2017;;9.83;0.00767888427068549;12/3/2016;234;7589-2016-12-03;-17.38;14.57;481.447.773.907.469;-135.243.724.198.484;171.698.783.507.217;-135.243.724.198.484;0.176571428571429;Pregnant
7589;12;-17.82;14.3;yes;3;2;8.2;2.7;6/15/2016;2/4/2017;;9.83;0.00767888427068549;7/26/2016;234;7589-2016-07-26;-17.82;14.3;482.367.277.184.719;-147.861.922.937.715;418.195.780.028.624;-147.861.922.937.715;-0.283908199643494;Pregnant
7589;13;-17.79;14.31;yes;3;2;8.2;2.2;6/15/2016;2/4/2017;;9.83;0.00767888427068549;7/17/2016;234;7589-2016-07-17;-17.79;14.31;479.324.629.264.646;-141.504.561.323.831;329.932.161.928.631;-141.504.561.323.831;-0.266857142857143;Pregnant
7589;14;-18.11;14.06;yes;3;2;8.2;1.6;6/15/2016;2/4/2017;;9.83;0.00767888427068549;7/8/2016;234;7589-2016-07-08;-18.11;14.06;451.539.173.915.698;-135.032.988.829.491;231.352.515.818.317;-135.032.988.829.491;-0.308;Pregnant
9678;16;-17.86;14.83;yes;3;2;8.9;0.8;6/7/2016;1/23/2017;;9.83;0.0102522157695387;6/15/2016;230;9678-2016-06-15;-17.86;14.83;38.725.011.385.675;-127.847.165.866.754;827.982.639.444.647;-127.847.165.866.754;0.1088;Pregnant
9678;11;-17.32;14;yes;3;2;8.9;3.5;6/7/2016;1/23/2017;;9.83;0.0102522157695387;7/19/2016;230;9678-2016-07-19;-17.32;14;475.210.049.878.469;-157.676.349.743.996;429.310.802.559.113;-157.676.349.743.996;-0.265108333333333;Pregnant
9678;12;-17.36;14.12;yes;3;2;8.9;3;6/7/2016;1/23/2017;;9.83;0.0102522157695387;7/12/2016;230;9678-2016-07-12;-17.36;14.12;473.015.071.092.547;-152.516.709.469.177;355.156.649.802.708;-152.516.709.469.177;-0.307894444444444;Pregnant
9678;13;-17.49;14.23;yes;3;2;8.9;2.5;6/7/2016;1/23/2017;;9.83;0.0102522157695387;7/5/2016;230;9678-2016-07-05;-17.59;14.17;460.738.051.112.138;-14.599.025.357.369;286.243.895.814.651;-14.599.025.357.369;-0.2132;Pregnant
9678;14;-17.69;14.11;yes;3;2;8.9;2;6/7/2016;1/23/2017;;9.83;0.0102522157695387;6/29/2016;230;9678-2016-06-29;-17.69;14.11;442.442.394.645.209;-141.019.946.481.953;221.880.254.249.275;-141.019.946.481.953;-0.256166666666667;Pregnant
9678;15;-17.75;14.34;yes;3;2;8.9;1.4;6/7/2016;1/23/2017;;9.83;0.0102522157695387;6/21/2016;230;9678-2016-06-21;-17.805;14.585;410.904.787.349.244;-133.492.755.838.594;14.986.239.618.739;-133.492.755.838.594;-0.1836;Pregnant
9678;1;-17.44;13.29;yes;3;2;8.9;7.6;6/7/2016;1/23/2017;;9.83;0.0102522157695387;10/29/2016;230;9678-2016-10-29;-17.44;13.29;447.265.432.072.021;-165.217.999.236.796;144.694.316.041.867;-165.217.999.236.796;0.173426587301587;Pregnant
9678;2;-17.54;13.21;yes;3;2;8.9;7.1;6/7/2016;1/23/2017;;9.83;0.0102522157695387;10/9/2016;230;9678-2016-10-09;-17.54;13.21;452.492.989.676.587;-167.564.437.961.018;124.961.993.949.513;-167.564.437.961.018;0.1294;Pregnant
9678;3;-17.49;13.2;yes;3;2;8.9;6.7;6/7/2016;1/23/2017;;9.83;0.0102522157695387;9/26/2016;230;9678-2016-09-26;-17.49;13.2;454.090.700.656.792;-168.521.137.019.159;11.162.522.866.591;-168.521.137.019.159;0.13506746031746;Pregnant
9678;4;-17.41;13.34;yes;3;2;8.9;6.3;6/7/2016;1/23/2017;;9.83;0.0102522157695387;9/14/2016;230;9678-2016-09-14;-17.41;13.34;447.083.874.281.644;-169.018.436.166.459;998.946.068.084.875;-169.018.436.166.459;0.0961238095238095;Pregnant
9678;5;-17.4;13.29;yes;3;2;8.9;6;6/7/2016;1/23/2017;;9.83;0.0102522157695387;9/6/2016;230;9678-2016-09-06;-17.4;13.29;448.161.257.367.188;-169.397.998.143.814;919.385.771.968.519;-169.397.998.143.814;-0.128366396761134;Pregnant
9678;6;-17.39;13.48;yes;3;2;8.9;5.6;6/7/2016;1/23/2017;;9.83;0.0102522157695387;8/28/2016;230;9678-2016-08-28;-17.39;13.48;448.049.530.514.484;-169.701.237.140.814;822.492.386.091.114;-169.701.237.140.814;-0.136333333333333;Pregnant
9678;7;-17.32;13.65;yes;3;2;8.9;5.2;6/7/2016;1/23/2017;;9.83;0.0102522157695387;8/19/2016;230;9678-2016-08-19;-17.32;13.65;445.245.971.732.519;-169.554.978.042.955;734.360.340.228.015;-169.554.978.042.955;-0.156815170940171;Pregnant
9678;8;-17.29;13.75;yes;3;2;8.9;4.8;6/7/2016;1/23/2017;;9.83;0.0102522157695387;8/11/2016;230;9678-2016-08-11;-17.29;13.75;448.214.934.727.866;-169.056.801.109.146;653.535.747.889.898;-169.056.801.109.146;-0.186079212454212;Pregnant
9678;9;-17.32;13.63;yes;3;2;8.9;4.4;6/7/2016;1/23/2017;;9.83;0.0102522157695387;8/3/2016;230;9678-2016-08-03;-17.32;13.63;448.232.947.396.144;-167.945.406.938.129;578.899.053.194.539;-167.945.406.938.129;-0.215277557530189;Pregnant
A275;9;-17.29;15.01;yes;3;2;10.2;6;5/25/2016;1/19/2017;;9.83;0.0193921714988688;7/9/2016;239;A275-2016-07-09;-17.34;14.795;398.101.403.366.152;-152.351.690.412.934;457.557.419.525.032;-152.351.690.412.934;-0.219147474747475;Pregnant
A275;10;-17.39;14.58;yes;3;2;10.2;5.6;5/25/2016;1/19/2017;;9.83;0.0193921714988688;7/5/2016;239;A275-2016-07-05;-17.35;14.45;399.336.443.691.022;-150.696.180.628.961;410.645.820.062.828;-150.696.180.628.961;-0.23636461038961;Pregnant
A275;11;-17.31;14.32;yes;3;2;10.2;5.2;5/25/2016;1/19/2017;;9.83;0.0193921714988688;6/30/2016;239;A275-2016-06-30;-17.31;14.295;408.038.132.251.954;-14.800.507.234.194;367.648.258.421.018;-14.800.507.234.194;-0.252985714285714;Pregnant
A275;12;-17.31;14.27;yes;3;2;10.2;4.7;5/25/2016;1/19/2017;;9.83;0.0193921714988688;6/25/2016;239;A275-2016-06-25;-17.315;14.215;411.608.691.199.262;-144.432.418.600.119;318.499.466.698.644;-144.432.418.600.119;-0.249933333333333;Pregnant
A275;13;-17.32;14.16;yes;3;2;10.2;4.2;5/25/2016;1/19/2017;;9.83;0.0193921714988688;6/21/2016;239;A275-2016-06-21;-17.235;14.255;414.465.138.357.108;-141.574.295.606.661;273.630.135.280.694;-141.574.295.606.661;-0.252445238095238;Pregnant
A275;1;-17.09;15.72;yes;3;2;10.2;9.2;5/25/2016;1/19/2017;;9.83;0.0193921714988688;9/21/2016;239;A275-2016-09-21;-17.09;15.72;428.659.815.052.034;-146.901.239.386.632;119.759.033.712.427;-146.901.239.386.632;0.127791666666667;Pregnant
A275;2;-17.1;15.58;yes;3;2;10.2;8.8;5/25/2016;1/19/2017;;9.83;0.0193921714988688;9/4/2016;239;A275-2016-09-04;-17.1;15.58;414.567.698.268.817;-15.299.165.464.025;102.408.102.351.245;-15.299.165.464.025;0.133268939393939;Pregnant
A275;3;-17.24;15.26;yes;3;2;10.2;8.4;5/25/2016;1/19/2017;;9.83;0.0193921714988688;8/22/2016;239;A275-2016-08-22;-17.24;15.26;396.196.439.442.501;-154.467.053.486.112;894.485.207.852.694;-154.467.053.486.112;0.121710317460317;Pregnant
A275;4;-17.3;15.38;yes;3;2;10.2;8;5/25/2016;1/19/2017;;9.83;0.0193921714988688;8/12/2016;239;A275-2016-08-12;-17.3;15.38;390.629.997.302.176;-153.763.348.747.006;791.004.947.545.711;-153.763.348.747.006;-0.187833333333333;Pregnant
A275;5;-17.32;15.29;yes;3;2;10.2;7.6;5/25/2016;1/19/2017;;9.83;0.0193921714988688;8/3/2016;239;A275-2016-08-03;-17.29;15.35;390.891.749.578.472;-153.848.499.064.324;704.859.832.403.285;-153.848.499.064.324;-0.167313186813187;Pregnant
A275;6;-17.26;15.41;yes;3;2;10.2;7.3;5/25/2016;1/19/2017;;9.83;0.0193921714988688;7/28/2016;239;A275-2016-07-28;-17.29;15.395;392.769.187.372.315;-153.739.789.245.173;6.485.488.143.353;-153.739.789.245.173;-0.181963203463203;Pregnant
A275;7;-17.32;15.38;yes;3;2;10.2;6.9;5/25/2016;1/19/2017;;9.83;0.0193921714988688;7/22/2016;239;A275-2016-07-22;-17.32;15.38;392.917.386.333.401;-153.125.337.481.727;581.917.941.414.454;-153.125.337.481.727;-0.186532051282051;Pregnant
A275;8;-17.32;15.07;yes;3;2;10.2;6.4;5/25/2016;1/19/2017;;9.83;0.0193921714988688;7/14/2016;239;A275-2016-07-14;-17.305;15.04;395.536.591.714.498;-153.362.682.932.499;509.167.657.482.541;-153.362.682.932.499;-0.190466666666667;Pregnant
A275;16;-17.16;14.78;yes;3;2;10.2;2.6;5/25/2016;1/19/2017;;9.83;0.0193921714988688;6/9/2016;239;A275-2016-06-09;-17.2;14.85;417.529.983.504.071;-13.258.900.449.975;151.731.059.626.352;-13.258.900.449.975;-0.2442;Pregnant
A275;17;-17.24;14.92;yes;3;2;10.2;2;5/25/2016;1/19/2017;;9.83;0.0193921714988688;6/5/2016;239;A275-2016-06-05;-17.18;14.875;401.990.477.549.217;-129.644.857.895.305;112.547.254.459.229;-129.644.857.895.305;-0.242452380952381;Pregnant
A275;15;-17.18;14.43;yes;3;2;10.2;3.2;5/25/2016;1/19/2017;;9.83;0.0193921714988688;6/13/2016;239;A275-2016-06-13;-17.17;14.605;4.201.780.326.728;-135.858.049.619.745;194.138.944.809.194;-135.858.049.619.745;-0.25425;Pregnant
A275;18;-17.12;14.83;yes;3;2;10.2;1.2;5/25/2016;1/19/2017;;9.83;0.0193921714988688;5/31/2016;239;A275-2016-05-31;-17.12;14.83;381.728.925.701.554;-126.081.857.542.412;645.431.291.494.656;-126.081.857.542.412;-0.2265;Pregnant
A278;1;-16.07;16.13;yes;4;2;11.6;10.3;5/31/2020;2/2/2021;;12.45;0.0108673666089413;11/8/2020;247;A278-2020-11-08;-16.07;16.13;4.689.972.942;-1.298.931.095;161.607.944.589.461;-1.298.931.095;-0.251942857142857;Pregnant
A278;2;-16.21;15.94;yes;4;2;11.6;10;5/31/2020;2/2/2021;;12.45;0.0108673666089413;10/27/2020;247;A278-2020-10-27;-16.21;15.94;47.060.458.165;-1.307.324.171;149.588.456.601.489;-1.307.324.171;-0.176078571428571;Pregnant
A278;3;-16.43;15.93;yes;4;2;11.6;9.7;5/31/2020;2/2/2021;;12.45;0.0108673666089413;10/16/2020;247;A278-2020-10-16;-16.43;15.93;47.388.637.905;-1.285.296.486;138.959.120.969.543;-1.285.296.486;-0.169378571428571;Pregnant
A278;4;-16.73;15.96;yes;4;2;11.6;9.4;5/31/2020;2/2/2021;;12.45;0.0108673666089413;10/7/2020;247;A278-2020-10-07;-16.73;15.96;47.376.116.015;-12.814.313.385;129.431.451.326.407;-12.814.313.385;-0.273633333333333;Pregnant
A278;5;-16.94;15.87;yes;4;2;11.6;9.1;5/31/2020;2/2/2021;;12.45;0.0108673666089413;9/28/2020;247;A278-2020-09-28;-16.94;15.87;4.724.775.516;-1.279.440.333;120.798.379.617.896;-1.279.440.333;-0.268314285714286;Pregnant
A278;7;-17.09;16.18;yes;4;2;11.6;8.5;5/31/2020;2/2/2021;;12.45;0.0108673666089413;9/13/2020;247;A278-2020-09-13;-17.09;16.18;4.669.942.392;-1.266.529.771;10.563.783.162.088;-1.266.529.771;-0.197295238095238;Pregnant
A278;9;-17.04;16.49;yes;4;2;11.6;7.9;5/31/2020;2/2/2021;;12.45;0.0108673666089413;8/31/2020;247;A278-2020-08-31;-17.04;16.49;4.565.694.639;-12.603.436.565;926.253.273.833.322;-12.603.436.565;-0.180731746031746;Pregnant
A278;10;-16.94;16.76;yes;4;2;11.6;7.5;5/31/2020;2/2/2021;;12.45;0.0108673666089413;8/23/2020;247;A278-2020-08-23;-16.885;16.78;4.776.590.329;-12.700.209.135;848.718.074.506.908;-12.700.209.135;-0.259027777777778;Pregnant
A278;11;-16.83;16.8;yes;4;2;11.6;7.2;5/31/2020;2/2/2021;;12.45;0.0108673666089413;8/18/2020;247;A278-2020-08-18;-16.85;16.86;4.771.932.825;-1.267.586.133;794.573.862.628.997;-1.267.586.133;-0.233519480519481;Pregnant
A278;12;-16.87;16.92;yes;4;2;11.6;6.9;5/31/2020;2/2/2021;;12.45;0.0108673666089413;8/13/2020;247;A278-2020-08-13;-16.825;16.935;4.708.265.729;-1.262.881.646;743.439.256.468.664;-1.262.881.646;-0.235552777777778;Pregnant
A278;13;-16.78;16.95;yes;4;2;11.6;6.6;5/31/2020;2/2/2021;;12.45;0.0108673666089413;8/8/2020;247;A278-2020-08-08;-16.775;17.03;46.833.616.045;-1.261.347.064;694.997.223.196.234;-1.261.347.064;-0.253904761904762;Pregnant
A278;14;-16.77;17.11;yes;4;2;11.6;6.3;5/31/2020;2/2/2021;;12.45;0.0108673666089413;8/3/2020;247;A278-2020-08-03;-16.805;17.12;47.268.127.325;-1.259.837.488;648.978.327.934.609;-1.259.837.488;-0.247875;Pregnant
A278;15;-16.84;17.13;yes;4;2;11.6;6;5/31/2020;2/2/2021;;12.45;0.0108673666089413;7/30/2020;247;A278-2020-07-30;-16.83;17.1;47.815.658.355;-1.256.232.823;60.515.165.795.728;-1.256.232.823;-0.267942293233083;Pregnant
A278;16;-16.82;17.07;yes;4;2;11.6;5.6;5/31/2020;2/2/2021;;12.45;0.0108673666089413;7/24/2020;247;A278-2020-07-24;-16.85;17.06;4.831.993.205;-12.513.929.435;549.785.419.169.537;-12.513.929.435;-0.243411111111111;Pregnant
A278;17;-16.88;17.05;yes;4;2;11.6;5.3;5/31/2020;2/2/2021;;12.45;0.0108673666089413;7/21/2020;247;A278-2020-07-21;-16.88;17;48.180.955.735;-1.251.136.811;510.342.832.962.368;-1.251.136.811;-0.245570436507936;Pregnant
A278;18;-16.88;16.95;yes;4;2;11.6;5;5/31/2020;2/2/2021;;12.45;0.0108673666089413;7/17/2020;247;A278-2020-07-17;-16.89;16.98;473.215.687;-12.550.185.445;472.521.641.164.411;-12.550.185.445;-0.24734257518797;Pregnant
A278;19;-16.9;17.01;yes;4;2;11.6;4.7;5/31/2020;2/2/2021;;12.45;0.0108673666089413;7/13/2020;247;A278-2020-07-13;-16.935;16.92;4.744.885.377;-12.595.124.325;43.619.378.696.164;-12.595.124.325;-0.297189393939394;Pregnant
A278;20;-16.97;16.83;yes;4;2;11.6;4.3;5/31/2020;2/2/2021;;12.45;0.0108673666089413;7/8/2020;247;A278-2020-07-08;-16.975;16.81;46.277.389.215;-12.682.743.975;389.885.342.884.588;-12.682.743.975;-0.305290476190476;Pregnant
A278;21;-16.98;16.79;yes;4;2;11.6;4;5/31/2020;2/2/2021;;12.45;0.0108673666089413;7/5/2020;247;A278-2020-07-05;-16.96;16.81;46.724.717.965;-1.261.908.808;356.621.981.651.722;-1.261.908.808;-0.274684415584416;Pregnant
A278;22;-16.94;16.83;yes;4;2;11.6;3.6;5/31/2020;2/2/2021;;12.45;0.0108673666089413;7/1/2020;247;A278-2020-07-01;-16.95;16.8;4.670.909.918;-1.260.250.826;314.062.436.809.722;-1.260.250.826;-0.301993939393939;Pregnant
A278;23;-16.96;16.77;yes;4;2;11.6;3.2;5/31/2020;2/2/2021;;12.45;0.0108673666089413;6/27/2020;247;A278-2020-06-27;-17.065;16.815;4.570.581.772;-1.266.099.434;273.384.603.719.855;-1.266.099.434;-0.30665;Pregnant
A278;24;-17.17;16.86;yes;4;2;11.6;2.7;5/31/2020;2/2/2021;;12.45;0.0108673666089413;6/22/2020;247;A278-2020-06-22;-17.12;16.8;4.357.265.829;-12.653.309.955;224.942.570.447.425;-12.653.309.955;-0.241232142857143;Pregnant
A278;25;-17.07;16.74;yes;4;2;11.6;2.3;5/31/2020;2/2/2021;;12.45;0.0108673666089413;6/18/2020;247;A278-2020-06-18;-17.085;16.76;4.123.017.594;-12.495.908.425;187.945.180.072.304;-12.495.908.425;-0.121142857142857;Pregnant
A278;26;-17.1;16.78;yes;4;2;11.6;1.9;5/31/2020;2/2/2021;;12.45;0.0108673666089413;6/15/2020;247;A278-2020-06-15;-17.135;16.68;3.865.624.207;-12.466.929.605;152.378.003.749.693;-12.466.929.605;-0.0676726190476191;Pregnant
T220;15;-17.3;14.11;yes;4;3;9.1;2.2;6/8/2014;2/4/2015;;10.49;0.00838638454467056;7/6/2014;241;T220-2014-07-06;-17.31;14.15;407.142.436.527.308;-133.000.984.332.395;280.660.220.154.816;-133.000.984.332.395;0.0619285714285714;Pregnant
T220;16;-17.32;14.19;yes;4;3;9.1;1.8;6/8/2014;2/4/2015;;10.49;0.00838638454467056;6/30/2014;241;T220-2014-06-30;-17.35;14.27;382.037.758.184.834;-127.656.689.860.714;224.470.368.760.438;-127.656.689.860.714;0.0485;Pregnant
T220;14;-17.26;13.86;yes;4;3;9.1;2.6;6/8/2014;2/4/2015;;10.49;0.00838638454467056;7/11/2014;241;T220-2014-07-11;-17.28;13.985;424.366.489.260.319;-137.541.731.562.055;339.629.414.836.952;-137.541.731.562.055;0.0125;Pregnant
T220;1;-17.21;13.29;yes;4;3;9.1;7.9;6/8/2014;2/4/2015;;10.49;0.00838638454467056;11/21/2014;241;T220-2014-11-21;-17.21;13.29;375.321.666.523.365;-146.508.073.807.167;166.789.936.622.409;-146.508.073.807.167;0.219619444444444;Pregnant
T220;2;-17.23;13.09;yes;4;3;9.1;7.5;6/8/2014;2/4/2015;;10.49;0.00838638454467056;11/4/2014;241;T220-2014-11-04;-17.23;13.09;383.307.081.122.806;-154.154.371.161.214;14.966.509.445.399;-154.154.371.161.214;0.145309523809524;Pregnant
T220;3;-17.2;12.82;yes;4;3;9.1;7.1;6/8/2014;2/4/2015;;10.49;0.00838638454467056;10/20/2014;241;T220-2014-10-20;-17.2;12.82;40.017.035.411.272;-160.938.018.223.365;134.693.620.951.797;-160.938.018.223.365;0.0940666666666667;Pregnant
T220;4;-17.25;12.76;yes;4;3;9.1;6.6;6/8/2014;2/4/2015;;10.49;0.00838638454467056;10/4/2014;241;T220-2014-10-04;-17.25;12.76;432.195.657.234.772;-166.347.174.104.802;118.288.549.671.653;-166.347.174.104.802;0.0443214285714286;Pregnant
T220;7;-17.11;13.5;yes;4;3;9.1;5.4;6/8/2014;2/4/2015;;10.49;0.00838638454467056;9/2/2014;241;T220-2014-09-02;-17.11;13.5;43.702.458.416.116;-168.487.719.232.839;862.284.084.391.677;-168.487.719.232.839;-0.176333333333333;Pregnant
T220;8;-17.12;13.53;yes;4;3;9.1;5;6/8/2014;2/4/2015;;10.49;0.00838638454467056;8/24/2014;241;T220-2014-08-24;-17.12;13.53;439.510.134.054.187;-167.789.274.686.655;772.077.840.501.898;-167.789.274.686.655;-0.214136507936508;Pregnant
T220;9;-17.08;13.64;yes;4;3;9.1;4.6;6/8/2014;2/4/2015;;10.49;0.00838638454467056;8/15/2014;241;T220-2014-08-15;-17.08;13.64;446.333.350.479.513;-16.571.402.348.395;688.218.411.247.901;-16.571.402.348.395;-0.23522619047619;Pregnant
T220;10;-17.05;13.67;yes;4;3;9.1;4.2;6/8/2014;2/4/2015;;10.49;0.00838638454467056;8/7/2014;241;T220-2014-08-07;-17.05;13.67;453.363.748.479.522;-161.738.784.339.438;609.871.093.999.484;-161.738.784.339.438;-0.2373;Pregnant
T220;11;-17.12;13.78;yes;4;3;9.1;3.8;6/8/2014;2/4/2015;;10.49;0.00838638454467056;7/31/2014;241;T220-2014-07-31;-17.12;13.78;456.899.675.164.178;-156.177.004.762.434;536.355.739.320.235;-156.177.004.762.434;-0.211547619047619;Pregnant
T220;12;-17.14;13.82;yes;4;3;9.1;3.4;6/8/2014;2/4/2015;;10.49;0.00838638454467056;7/24/2014;241;T220-2014-07-24;-17.16;13.85;449.308.505.926.603;-149.827.405.470.545;46.711.080.296.586;-149.827.405.470.545;-0.234333333333333;Pregnant
T220;5;-17.28;12.81;yes;4;3;9.1;6.2;6/8/2014;2/4/2015;;10.49;0.00838638454467056;9/22/2014;241;T220-2014-09-22;-17.28;12.81;433.534.996.110.603;-166.202.111.859.275;106.617.539.978.714;-166.202.111.859.275;-0.167083333333333;Pregnant
T269;2;-17.34;14.35;yes;3;2;9.5;8;5/21/2016;1/19/2017;;9.83;0.013967496126258;9/18/2016;243;T269-2016-09-18;-17.34;14.35;591.425.134.096.018;-143.947.623.024.192;12.035.965.158.747;-143.947.623.024.192;-0.195966666666667;Pregnant
T269;3;-17.27;14.96;yes;3;2;9.5;7.6;5/21/2016;1/19/2017;;9.83;0.013967496126258;9/4/2016;243;T269-2016-09-04;-17.27;14.96;578.963.135.537.002;-146.582.656.679.473;106.206.390.556.881;-146.582.656.679.473;-0.193119047619048;Pregnant
T269;4;-17.23;14.94;yes;3;2;9.5;7.3;5/21/2016;1/19/2017;;9.83;0.013967496126258;8/26/2016;243;T269-2016-08-26;-17.23;14.94;566.438.026.021.906;-149.976.978.789.796;97.169.859.160.952;-149.976.978.789.796;-0.127928571428571;Pregnant
T269;5;-17.24;15.17;yes;3;2;9.5;7;5/21/2016;1/19/2017;;9.83;0.013967496126258;8/18/2016;243;T269-2016-08-18;-17.24;15.17;552.591.136.419.798;-155.265.685.460.654;891.471.321.164.789;-155.265.685.460.654;-0.0971380952380952;Pregnant
T269;6;-17.22;15.25;yes;3;2;9.5;6.6;5/21/2016;1/19/2017;;9.83;0.013967496126258;8/8/2016;243;T269-2016-08-08;-17.22;15.25;547.401.157.067.507;-157.824.156.940.513;796.819.119.807.912;-157.824.156.940.513;-0.184837037962038;Pregnant
T269;7;-17.35;14.77;yes;3;2;9.5;6.2;5/21/2016;1/19/2017;;9.83;0.013967496126258;7/31/2016;243;T269-2016-07-31;-17.44;14.62;546.275.283.923.349;-158.240.102.003.827;713.231.832.589.871;-158.240.102.003.827;-0.174221067821068;Pregnant
T269;8;-17.53;14.47;yes;3;2;9.5;5.9;5/21/2016;1/19/2017;;9.83;0.013967496126258;7/25/2016;243;T269-2016-07-25;-17.53;14.47;544.868.772.223.356;-158.422.003.623.792;656.380.714.188.571;-158.422.003.623.792;-0.17488758912656;Pregnant
T269;9;-17.7;14.19;yes;3;2;9.5;5.4;5/21/2016;1/19/2017;;9.83;0.013967496126258;7/17/2016;243;T269-2016-07-17;-17.7;14.19;545.416.011.561.956;-158.395.666.853.734;570.638.676.321.976;-158.395.666.853.734;-0.17468512043512;Pregnant
T269;10;-17.56;14.4;yes;3;2;9.5;5;5/21/2016;1/19/2017;;9.83;0.013967496126258;7/10/2016;243;T269-2016-07-10;-17.555;14.435;549.729.352.079.249;-156.898.951.147.746;508.747.208.569.972;-156.898.951.147.746;-0.20574391862008;Pregnant
T269;11;-17.55;14.47;yes;3;2;9.5;4.6;5/21/2016;1/19/2017;;9.83;0.013967496126258;7/5/2016;243;T269-2016-07-05;-17.4;14.845;550.163.930.777.388;-156.922.198.231.507;451.782.946.906.239;-156.922.198.231.507;-0.253235468215995;Pregnant
T269;12;-17.25;15.22;yes;3;2;9.5;4.2;5/21/2016;1/19/2017;;9.83;0.013967496126258;6/29/2016;243;T269-2016-06-29;-16.895;15.5;545.713.635.143.229;-153.189.408.340.871;399.018.898.569.599;-153.189.408.340.871;-0.259017919799499;Pregnant
T269;13;-16.54;15.78;yes;3;2;9.5;3.8;5/21/2016;1/19/2017;;9.83;0.013967496126258;6/24/2016;243;T269-2016-06-24;-16.515;15.875;533.543.273.497.442;-147.677.333.720.051;349.877.973.118.783;-147.677.333.720.051;-0.138933333333333;Pregnant
T269;14;-16.49;15.97;yes;3;2;9.5;3.4;5/21/2016;1/19/2017;;9.83;0.013967496126258;6/20/2016;243;T269-2016-06-20;-16.51;15.88;523.807.004.906.387;-143.267.658.732.663;303.894.407.467.627;-143.267.658.732.663;-0.164066666666667;Pregnant
T269;15;-16.53;15.79;yes;3;2;9.5;2.8;5/21/2016;1/19/2017;;9.83;0.013967496126258;6/14/2016;243;T269-2016-06-14;-16.475;15.92;509.202.584.155.694;-136.653.147.595.223;240.023.140.372.501;-136.653.147.595.223;-0.239708333333333;Pregnant
T269;16;-16.42;16.05;yes;3;2;9.5;2.3;5/21/2016;1/19/2017;;9.83;0.013967496126258;6/9/2016;243;T269-2016-06-09;-16.33;16.075;489.142.364.625.128;-132.028.130.192.802;190.831.549.146.578;-132.028.130.192.802;-0.322464285714286;Pregnant
T740;7;-17.43;12.92;yes;4;3;9;5.4;6/3/2014;1/16/2015;;10.49;0.00859756080374819;8/26/2014;227;T740-2014-08-26;-17.43;12.92;440.105.347.391.691;-174.364.038.618.396;841.104.364.775.783;-174.364.038.618.396;-0.1808;Non-pregnant
T740;11;-17.4;12.88;yes;4;3;9;3.8;6/3/2014;1/16/2015;;10.49;0.00859756080374819;7/25/2014;227;T740-2014-07-25;-17.4;12.88;438.946.119.241.528;-170.223.584.877.833;523.181.584.330.262;-170.223.584.877.833;-0.272225;Non-pregnant
T740;8;-17.4;12.84;yes;4;3;9;5;6/3/2014;1/16/2015;;10.49;0.00859756080374819;8/17/2014;227;T740-2014-08-17;-17.4;12.84;425.688.454.839.903;-177.860.885.715.762;753.113.797.816.331;-177.860.885.715.762;-0.202475;Non-pregnant
T740;9;-17.23;12.93;yes;4;3;9;4.6;6/3/2014;1/16/2015;;10.49;0.00859756080374819;8/9/2014;227;T740-2014-08-09;-17.23;12.93;421.264.106.114.008;-179.499.545.858.031;671.314.152.838.649;-179.499.545.858.031;-0.23002380952381;Non-pregnant
T740;1;-17.3;13.87;yes;4;3;9;7.8;6/3/2014;1/16/2015;;10.49;0.00859756080374819;11/8/2014;227;T740-2014-11-08;-17.3;13.87;433.173.587.822.997;-160.878.967.539.137;158.286.897.860.749;-160.878.967.539.137;0.156;Non-pregnant
T740;2;-17.3;13.35;yes;4;3;9;7.4;6/3/2014;1/16/2015;;10.49;0.00859756080374819;10/23/2014;227;T740-2014-10-23;-17.3;13.35;447.689.194.364.741;-164.811.771.147.306;142.162.569.058.623;-164.811.771.147.306;0.0871666666666667;Non-pregnant
T740;3;-17.29;13.28;yes;4;3;9;7;6/3/2014;1/16/2015;;10.49;0.00859756080374819;10/9/2014;227;T740-2014-10-09;-17.29;13.28;441.337.731.497.409;-168.912.399.675.888;128.003.827.052.213;-168.912.399.675.888;0.0389333333333333;Non-pregnant
T740;4;-17.32;13.17;yes;4;3;9;6.6;6/3/2014;1/16/2015;;10.49;0.00859756080374819;9/26/2014;227;T740-2014-09-26;-17.32;13.17;43.858.388.488.673;-172.058.638.567.656;115.383.105.443.741;-172.058.638.567.656;-0.13725;Non-pregnant
T740;5;-17.23;13.06;yes;4;3;9;6.2;6/3/2014;1/16/2015;;10.49;0.00859756080374819;9/14/2014;227;T740-2014-09-14;-17.23;13.06;417.487.524.129.496;-176.143.490.820.773;103.998.763.123.428;-176.143.490.820.773;-0.14495;Non-pregnant
T740;18;-17.67;13.93;yes;4;3;9;1;6/3/2014;1/16/2015;;10.49;0.00859756080374819;6/14/2014;227;T740-2014-06-14;-17.735;14.25;38.623.001;-129.128.506.414.596;116.525.852.009.902;-129.128.506.414.596;-0.261495454545455;Non-pregnant
T740;19;-17.8;14.57;yes;4;3;9;0.6;6/3/2014;1/16/2015;;10.49;0.00859756080374819;6/9/2014;227;T740-2014-06-09;-17.8;14.57;37.578.999;-123.883.313.876.264;685.057.984.677.454;-123.883.313.876.264;-0.185222222222222;Non-pregnant
T740;15;-17.57;13.23;yes;4;3;9;2.2;6/3/2014;1/16/2015;;10.49;0.00859756080374819;6/30/2014;227;T740-2014-06-30;-17.62;13.37;43.999.001;-145.139.713.187.941;273.766.546.854.073;-145.139.713.187.941;-0.1869;Non-pregnant
T740;12;-17.38;12.79;yes;4;3;9;3.4;6/3/2014;1/16/2015;;10.49;0.00859756080374819;7/18/2014;227;T740-2014-07-18;-17.505;12.745;448.724.231.028.384;-163.557.918.256.604;455.637.466.028.029;-163.557.918.256.604;-0.2381;Non-pregnant
T740;13;-17.63;12.7;yes;4;3;9;3;6/3/2014;1/16/2015;;10.49;0.00859756080374819;7/12/2014;227;T740-2014-07-12;-17.645;12.785;44.639;-157.462.259.446.656;391.801.387.123.929;-157.462.259.446.656;-0.287066666666667;Non-pregnant
T740;14;-17.66;12.87;yes;4;3;9;2.6;6/3/2014;1/16/2015;;10.49;0.00859756080374819;7/6/2014;227;T740-2014-07-06;-17.615;13.05;448.021.583.148.056;-151.517.722.971.465;331.287.319.801.499;-151.517.722.971.465;-0.31255;Non-pregnant
T740;16;-17.67;13.51;yes;4;3;9;1.8;6/3/2014;1/16/2015;;10.49;0.00859756080374819;6/24/2014;227;T740-2014-06-24;-17.64;13.61;427.544.625.861.704;-138.646.939.269.301;218.956.850.004.279;-138.646.939.269.301;-0.28085;Non-pregnant
T740;17;-17.61;13.71;yes;4;3;9;1.4;6/3/2014;1/16/2015;;10.49;0.00859756080374819;6/19/2014;227;T740-2014-06-19;-17.64;13.82;406.369.424.854.511;-134.082.058.439.463;166.614.133.343.928;-134.082.058.439.463;-0.174733333333333;Non-pregnant
U 20;1;-17.3;14.87;yes;3;3;8;7;6/4/2015;1/27/2016;;7.87;0.0185419795555799;9/24/2015;237;U 20-2015-09-24;-17.3;14.87;48.131.881.424.086;-148.597;112.147.763.697.326;-148.597;-0.166895454545455;Pregnant
U 20;2;-17.42;14.7;yes;3;3;8;6.7;6/4/2015;1/27/2016;;7.87;0.0185419795555799;9/9/2015;237;U 20-2015-09-09;-17.42;14.7;482.396.591.966.315;-147.731.060.821.466;979.980.196.702.094;-147.731.060.821.466;-0.171886868686869;Pregnant
U 20;3;-17.3;14.17;yes;3;3;8;6.2;6/4/2015;1/27/2016;;7.87;0.0185419795555799;8/23/2015;237;U 20-2015-08-23;-17.3;14.17;479.455.198.041.787;-148.037.625.108.393;804.474.447.998.653;-148.037.625.108.393;-0.212614163614164;Pregnant
U 20;4;-17.25;14.35;yes;3;3;8;5.8;6/4/2015;1/27/2016;;7.87;0.0185419795555799;8/12/2015;237;U 20-2015-08-12;-17.25;14.35;434.805.988.861.077;-151.373;696.249.382.352.001;-151.373;-0.15388717948718;Pregnant
U 20;13;-17.35;16.51;yes;3;3;8;1.4;6/4/2015;1/27/2016;;7.87;0.0185419795555799;6/14/2015;237;U 20-2015-06-14;-17.35;16.51;372.299.274.199.558;-124.187.205.609.267;103.749.382.352.001;-124.187.205.609.267;0.116235064935065;Pregnant
U 20;5;-17.4;13.81;yes;3;3;8;5.3;6/4/2015;1/27/2016;;7.87;0.0185419795555799;8/1/2015;237;U 20-2015-08-01;-17.4;13.81;435.557.151.183.197;-153.151.106.821.274;585.800.326.989.729;-153.151.106.821.274;-0.259816910866911;Pregnant
U 20;6;-17.38;14.1;yes;3;3;8;4.9;6/4/2015;1/27/2016;;7.87;0.0185419795555799;7/25/2015;237;U 20-2015-07-25;-17.38;14.1;437.135.975.170.284;-153.873.546.321.161;511.293.536.564.956;-153.873.546.321.161;-0.270266666666667;Pregnant
U 20;7;-17.17;14.71;yes;3;3;8;4.5;6/4/2015;1/27/2016;;7.87;0.0185419795555799;7/18/2015;237;U 20-2015-07-18;-17.17;14.71;435.405.651.945.782;-151.913.380.769.499;44.584.159.458.619;-151.913.380.769.499;-0.298727564102564;Pregnant
U 20;8;-17.09;14.83;yes;3;3;8;4;6/4/2015;1/27/2016;;7.87;0.0185419795555799;7/11/2015;237;U 20-2015-07-11;-17.06;14.875;452.533.873.092.632;-14.812.632.124.625;373.825.878.991.076;-14.812.632.124.625;-0.322436507936508;Pregnant
U 20;9;-17.03;14.92;yes;3;3;8;3.5;6/4/2015;1/27/2016;;7.87;0.0185419795555799;7/5/2015;237;U 20-2015-07-05;-17.04;15;447.816.186.211.035;-142.494.359.980.926;31.030.351.596.436;-142.494.359.980.926;-0.3291;Pregnant
U 20;10;-17.05;15.08;yes;3;3;8;3;6/4/2015;1/27/2016;;7.87;0.0185419795555799;6/29/2015;237;U 20-2015-06-29;-17.015;15.175;442.477.927.669.647;-136.289.923.999.661;253.480.825.947.887;-136.289.923.999.661;-0.251433333333333;Pregnant
U 20;11;-16.98;15.27;yes;3;3;8;2.5;6/4/2015;1/27/2016;;7.87;0.0185419795555799;6/24/2015;237;U 20-2015-06-24;-17.09;15.305;422.557.812.573.252;-132.113.340.438.086;202.078.450.317.708;-132.113.340.438.086;-0.074925;Pregnant
U 20;12;-17.2;15.34;yes;3;3;8;1.9;6/4/2015;1/27/2016;;7.87;0.0185419795555799;6/18/2015;237;U 20-2015-06-18;-17.275;15.925;393.120.258.341.267;-12.780.364.892.271;146.237.228.710.011;-12.780.364.892.271;0.04045;Pregnant
U398;1;-17.54;14;yes;3;2;8.2;7.3;6/6/2016;2/8/2017;;9.83;0.0072747324669652;12/9/2016;247;U398-2016-12-09;-17.54;14;584.377.646.023.781;-145.237.246.491.682;186.566.260.351.541;-145.237.246.491.682;0.100568181818182;Pregnant
U398;2;-17.42;14.06;yes;3;2;8.2;6.8;6/6/2016;2/8/2017;;9.83;0.0072747324669652;11/14/2016;247;U398-2016-11-14;-17.42;14.06;57.787.114.346.544;-144.865.527.835.253;161.775.889.351.539;-144.865.527.835.253;-0.0933440476190476;Pregnant
U398;3;-17.35;14.2;yes;3;2;8.2;6.5;6/6/2016;2/8/2017;;9.83;0.0072747324669652;11/1/2016;247;U398-2016-11-01;-17.35;14.2;56.813.858.554.899;-143.454.614.654.018;148.798.135.887.776;-143.454.614.654.018;-0.0986666666666667;Pregnant
U398;4;-17.19;14.38;yes;3;2;8.2;6.1;6/6/2016;2/8/2017;;9.83;0.0072747324669652;10/17/2016;247;U398-2016-10-17;-17.19;14.38;565.704.895.389.685;-143.903.833.816.837;133.204.994.809.603;-143.903.833.816.837;-0.0159642857142857;Pregnant
U398;11;-17.69;14;yes;3;2;8.2;3.2;6/6/2016;2/8/2017;;9.83;0.0072747324669652;7/30/2016;247;U398-2016-07-30;-17.69;14;569.593.871.068.877;-143.372.107.230.576;541.372.664.561.481;-143.372.107.230.576;-0.266486111111111;Pregnant
U398;12;-17.86;13.86;yes;3;2;8.2;2.7;6/6/2016;2/8/2017;;9.83;0.0072747324669652;7/20/2016;247;U398-2016-07-20;-17.86;13.86;525.457.740.877.856;-135.998.117.852.555;441.428.878.919.063;-135.998.117.852.555;-0.293485101010101;Pregnant
U398;13;-18.12;13.34;yes;3;2;8.2;2.2;6/6/2016;2/8/2017;;9.83;0.0072747324669652;7/10/2016;247;U398-2016-07-10;-18.12;13.34;4.696.292.792.646;-132.293.503.281.471;348.261.726.480.226;-132.293.503.281.471;-0.312030982905983;Pregnant
U398;14;-18.05;13.81;yes;3;2;8.2;1.7;6/6/2016;2/8/2017;;9.83;0.0072747324669652;7/2/2016;247;U398-2016-07-02;-18.05;13.81;417.379.139.772.782;-129.064.426.820.887;261.010.300.325.933;-129.064.426.820.887;-0.277943650793651;Pregnant
U398;8;-17.49;14.19;yes;3;2;8.2;4.5;6/6/2016;2/8/2017;;9.83;0.0072747324669652;8/29/2016;247;U398-2016-08-29;-17.49;14.19;565.722.623.904.122;-13.750.810.886.308;8.413.885.991.833;-13.750.810.886.308;-0.244295700580884;Pregnant
U398;5;-17.21;14.53;yes;3;2;8.2;5.7;6/6/2016;2/8/2017;;9.83;0.0072747324669652;10/3/2016;247;U398-2016-10-03;-17.21;14.53;562.548.350.512.306;-142.736.609.228.294;119.201.844.346.021;-142.736.609.228.294;-0.209523182957394;Pregnant
U398;6;-17.23;14.39;yes;3;2;8.2;5.3;6/6/2016;2/8/2017;;9.83;0.0072747324669652;9/20/2016;247;U398-2016-09-20;-17.23;14.39;582.285.007.886.434;-143.864.104.753.413;106.494.224.795.503;-143.864.104.753.413;-0.225685858585859;Pregnant
U398;7;-17.59;14.84;yes;3;2;8.2;4.9;6/6/2016;2/8/2017;;9.83;0.0072747324669652;9/8/2016;247;U398-2016-09-08;-17.59;14.84;564.523.595.283.607;-13.931.817.514.632;948.625.876.261.763;-13.931.817.514.632;-0.216955626598465;Pregnant
U398;9;-17.68;13.98;yes;3;2;8.2;4;6/6/2016;2/8/2017;;9.83;0.0072747324669652;8/16/2016;247;U398-2016-08-16;-17.68;13.98;551.838.543.378.937;-141.203.028.569.488;718.132.159.730.958;-141.203.028.569.488;-0.2486;Pregnant
U398;10;-17.79;13.99;yes;3;2;8.2;3.7;6/6/2016;2/8/2017;;9.83;0.0072747324669652;8/9/2016;247;U398-2016-08-09;-17.79;13.99;555.969.472.773.341;-147.454.415.805.327;64.915.677.154.514;-147.454.415.805.327;-0.212589285714286;Pregnant
VX570;2;-16.99;13.7;yes;3;2;10.3;8.9;6/1/2016;3/26/2017;;9.83;0.0155852043595348;10/7/2016;298;VX570-2016-10-07;-16.99;13.7;408.326.618.460.486;-17.861.272.641.082;128.049.117.135.475;-17.861.272.641.082;0.112455952380952;Non-pregnant
VX570;3;-17.23;13.2;yes;3;2;10.3;8.6;6/1/2016;3/26/2017;;9.83;0.0155852043595348;9/24/2016;298;VX570-2016-09-24;-17.23;13.2;434.461.876.002.878;-179.929.363.254.311;115.591.403.398.652;-179.929.363.254.311;0.02165;Non-pregnant
VX570;4;-17.37;12.83;yes;3;2;10.3;8.2;6/1/2016;3/26/2017;;9.83;0.0155852043595348;9/11/2016;298;VX570-2016-09-11;-17.37;12.83;426.176.638.750.103;-179.175.034.233.659;102.033.089.449.568;-179.175.034.233.659;-0.0328833333333333;Non-pregnant
VX570;5;-17.58;12.9;yes;3;2;10.3;7.9;6/1/2016;3/26/2017;;9.83;0.0155852043595348;9/2/2016;298;VX570-2016-09-02;-17.58;12.9;416.618.339.126.643;-178.334.590.336.088;934.652.587.337.102;-178.334.590.336.088;-0.148130536130536;Non-pregnant
VX570;6;-17.38;13.12;yes;3;2;10.3;7.5;6/1/2016;3/26/2017;;9.83;0.0155852043595348;8/23/2016;298;VX570-2016-08-23;-17.38;13.12;413.383.888.209.603;-178.200.581.140.879;835.744.240.503.041;-178.200.581.140.879;-0.166618145743146;Non-pregnant
VX570;14;-17.57;13.6;yes;3;2;10.3;4;6/1/2016;3/26/2017;;9.83;0.0155852043595348;7/2/2016;298;VX570-2016-07-02;-17.63;13.555;41.681.699.057.252;-149.174.679.239.431;31.542.368.678.492;-149.174.679.239.431;-0.162116666666667;Non-pregnant
VX570;15;-17.69;13.51;yes;3;2;10.3;3.5;6/1/2016;3/26/2017;;9.83;0.0155852043595348;6/27/2016;298;VX570-2016-06-27;-17.63;13.625;422.716.291.642.839;-143.578.691.665.156;266.420.172.283.136;-143.578.691.665.156;-0.151597402597403;Non-pregnant
VX570;16;-17.57;13.74;yes;3;2;10.3;3;6/1/2016;3/26/2017;;9.83;0.0155852043595348;6/23/2016;298;VX570-2016-06-23;-17.765;13.735;417.985.597.215.735;-138.627.280.702.594;220.895.112.530.639;-138.627.280.702.594;-0.088040293040293;Non-pregnant
VX570;17;-17.96;13.73;yes;3;2;10.3;2.3;6/1/2016;3/26/2017;;9.83;0.0155852043595348;6/17/2016;298;VX570-2016-06-17;-17.96;13.73;395.996.613.762.105;-131.114.171.004.663;162.142.470.336.733;-131.114.171.004.663;0.0848583333333333;Non-pregnant
VX570;9;-17.5;13.19;yes;3;2;10.3;6.2;6/1/2016;3/26/2017;;9.83;0.0155852043595348;7/30/2016;298;VX570-2016-07-30;-17.495;13.23;421.113.051.916.007;-170.912.475.059.605;59.104.577.667.073;-170.912.475.059.605;-0.233159523809524;Non-pregnant
VX570;10;-17.49;13.27;yes;3;2;10.3;5.8;6/1/2016;3/26/2017;;9.83;0.0155852043595348;7/24/2016;298;VX570-2016-07-24;-17.485;13.345;411.895.391.060.131;-167.886.668.928.775;531.315.778.321.938;-167.886.668.928.775;-0.280222222222222;Non-pregnant
VX570;7;-17.44;13.11;yes;3;2;10.3;7;6/1/2016;3/26/2017;;9.83;0.0155852043595348;8/13/2016;298;VX570-2016-08-13;-17.44;13.11;414.895.188.226.399;-17.787.085.284.713;730.321.785.011.943;-17.787.085.284.713;-0.143641666666667;Non-pregnant
VX570;8;-17.48;13.24;yes;3;2;10.3;6.6;6/1/2016;3/26/2017;;9.83;0.0155852043595348;8/5/2016;298;VX570-2016-08-05;-17.49;13.215;417.985.007.523.418;-174.973.122.944.781;656.912.191.824.449;-174.973.122.944.781;-0.224583333333333;Non-pregnant
VX570;13;-17.6;13.29;yes;3;2;10.3;4.6;6/1/2016;3/26/2017;;9.83;0.0155852043595348;7/8/2016;298;VX570-2016-07-08;-17.585;13.445;411.755.471.925.406;-155.587.056.414.888;379.640.655.807.709;-155.587.056.414.888;-0.188388095238095;Non-pregnant
VX570;11;-17.48;13.42;yes;3;2;10.3;5.4;6/1/2016;3/26/2017;;9.83;0.0155852043595348;7/18/2016;298;VX570-2016-07-18;-17.525;13.41;414.712.066.903.588;-164.812.234.971.817;476.675.616.809.919;-164.812.234.971.817;-0.228705635300372;Non-pregnant
VX570;12;-17.57;13.4;yes;3;2;10.3;5;6/1/2016;3/26/2017;;9.83;0.0155852043595348;7/13/2016;298;VX570-2016-07-13;-17.585;13.345;41.157.320.243.037;-160.359.939.235.134;426.325.545.273.362;-160.359.939.235.134;-0.193729761904762;Non-pregnant
X674;7;-17.48;13.47;yes;4;2;11.5;6.8;6/1/2015;1/28/2016;;12.45;0.0106764062958434;8/14/2015;241;X674-2015-08-14;-17.48;13.47;435.615.047.040.524;-168.280.023.461.574;740.010.314.200.929;-168.280.023.461.574;-0.251809523809524;Pregnant
X674;8;-17.45;13.83;yes;4;2;11.5;6.3;6/1/2015;1/28/2016;;12.45;0.0106764062958434;8/6/2015;241;X674-2015-08-06;-17.45;13.83;428.389.829.051.706;-164.851.514.811.194;660.586.082.572.435;-164.851.514.811.194;-0.285104545454545;Pregnant
X674;9;-17.41;13.98;yes;4;2;11.5;5.8;6/1/2015;1/28/2016;;12.45;0.0106764062958434;7/29/2015;241;X674-2015-07-29;-17.41;13.98;438.870.627.587.627;-160.217.997.062.052;587.373.457.758.984;-160.217.997.062.052;-0.303164682539683;Pregnant
X674;1;-17.4;14.13;yes;4;2;11.5;9.8;6/1/2015;1/28/2016;;12.45;0.0106764062958434;10/23/2015;241;X674-2015-10-23;-17.4;14.13;431.825.856.346.263;-166.475.195.943.153;144.914.022.569.085;-166.475.195.943.153;0.115116666666667;Pregnant
X674;2;-17.83;13.18;yes;4;2;11.5;9.3;6/1/2015;1/28/2016;;12.45;0.0106764062958434;10/7/2015;241;X674-2015-10-07;-17.83;13.18;441.571.682.041.181;-16.788.742.169.074;128.724.791.094.567;-16.788.742.169.074;0.13275;Pregnant
X674;3;-17.44;13.25;yes;4;2;11.5;8.8;6/1/2015;1/28/2016;;12.45;0.0106764062958434;9/23/2015;241;X674-2015-09-23;-17.44;13.25;434.356.105.708.647;-167.500.742.543.407;11.492.569.890.245;-167.500.742.543.407;-0.126470238095238;Pregnant
X674;4;-17.47;13.33;yes;4;2;11.5;8.3;6/1/2015;1/28/2016;;12.45;0.0106764062958434;9/11/2015;241;X674-2015-09-11;-17.47;13.33;440.250.955.191.377;-167.810.571.761.761;102.900.944.215.266;-167.810.571.761.761;-0.143058333333333;Pregnant
X674;5;-17.45;13.34;yes;4;2;11.5;7.8;6/1/2015;1/28/2016;;12.45;0.0106764062958434;9/1/2015;241;X674-2015-09-01;-17.45;13.34;436.666.280.757.496;-168.258.015.718.207;922.457.778.414.532;-168.258.015.718.207;-0.1803;Pregnant
X674;6;-17.48;13.35;yes;4;2;11.5;7.3;6/1/2015;1/28/2016;;12.45;0.0106764062958434;8/22/2015;241;X674-2015-08-22;-17.48;13.35;439.204.909.318.041;-167.768.837.943.618;826.798.722.130.612;-167.768.837.943.618;-0.229233333333333;Pregnant
X674;12;-17.29;13.87;yes;4;2;11.5;4.3;6/1/2015;1/28/2016;;12.45;0.0106764062958434;7/10/2015;241;X674-2015-07-10;-17.27;13.995;462.314.058.432.657;-146.048.045.477.693;396.858.909.184.568;-146.048.045.477.693;-0.295666666666667;Pregnant
X674;10;-17.27;14.07;yes;4;2;11.5;5.3;6/1/2015;1/28/2016;;12.45;0.0106764062958434;7/22/2015;241;X674-2015-07-22;-17.29;14.075;448.239.189.640.925;-156.885.178.908.983;5.194.709.257.372;-156.885.178.908.983;-0.279266666666667;Pregnant
X674;15;-17.31;14.14;yes;4;2;11.5;2.8;6/1/2015;1/28/2016;;12.45;0.0106764062958434;6/24/2015;241;X674-2015-06-24;-17.35;14.135;421.789.441.686.999;-131.903.070.690.487;238.622.154.777.883;-131.903.070.690.487;-0.302;Pregnant
X674;16;-17.39;14.13;yes;4;2;11.5;2.3;6/1/2015;1/28/2016;;12.45;0.0106764062958434;6/20/2015;241;X674-2015-06-20;-17.425;14.125;400.951.927.565.695;-128.837.398.270.714;191.306.804.708.667;-128.837.398.270.714;-0.220966666666667;Pregnant
X674;17;-17.46;14.12;yes;4;2;11.5;1.8;6/1/2015;1/28/2016;;12.45;0.0106764062958434;6/15/2015;241;X674-2015-06-15;-17.505;14.29;377.223.155.097.977;-124.483.196.277.409;146.267.129.994.929;-124.483.196.277.409;-0.000616666666666665;Pregnant
X674;14;-17.33;14.22;yes;4;2;11.5;3.3;6/1/2015;1/28/2016;;12.45;0.0106764062958434;6/29/2015;241;X674-2015-06-29;-17.32;14.18;444.055.233.502.348;-136.156.715.710.027;288.455.436.304.626;-136.156.715.710.027;-0.31365;Pregnant
Y1481;2;-18.73;11.18;yes;3;2;9.2;7.8;6/10/2016;2/12/2017;;9.83;0.011123378112371;10/29/2016;247;Y1481-2016-10-29;-18.73;11.18;496.824.253.933.023;-176.608.523.465.158;141.809.720.497.683;-176.608.523.465.158;-0.125627272727273;Pregnant
Y1481;3;-18.81;11.24;yes;3;2;9.2;7.4;6/10/2016;2/12/2017;;9.83;0.011123378112371;10/13/2016;247;Y1481-2016-10-13;-18.81;11.24;506.526.632.559.391;-182.067.084.717.878;125.640.579.928.891;-182.067.084.717.878;-0.101998461538462;Pregnant
Y1481;12;-17.68;14.76;yes;3;2;9.2;3.6;6/10/2016;2/12/2017;;9.83;0.011123378112371;7/21/2016;247;Y1481-2016-07-21;-17.68;14.76;485.374.543.365.648;-138.174.428.604.698;410.003.684.809.114;-138.174.428.604.698;-0.266933333333333;Pregnant
Y1481;13;-17.66;14.74;yes;3;2;9.2;3.1;6/10/2016;2/12/2017;;9.83;0.011123378112371;7/14/2016;247;Y1481-2016-07-14;-17.66;14.74;455.984.521.391.991;-133.264.426.038.648;340.601.377.275.007;-133.264.426.038.648;-0.239966666666667;Pregnant
Y1481;14;-18.02;14.31;yes;3;2;9.2;2.6;6/10/2016;2/12/2017;;9.83;0.011123378112371;7/7/2016;247;Y1481-2016-07-07;-18.2;13.865;458.422.478.876.785;-132.982.593.817.562;276.175.002.670.067;-132.982.593.817.562;-0.285603766787977;Pregnant
Y1481;15;-18.38;13.42;yes;3;2;9.2;2.1;6/10/2016;2/12/2017;;9.83;0.011123378112371;7/1/2016;247;Y1481-2016-07-01;-18.38;13.42;438.837.546.753.213;-131.080.911.756.329;216.058.529.281.175;-131.080.911.756.329;-0.264777777777778;Pregnant
Y1481;16;-17.8;15.49;yes;3;2;9.2;1.4;6/10/2016;2/12/2017;;9.83;0.011123378112371;6/23/2016;247;Y1481-2016-06-23;-17.8;15.49;38.553.561.988.697;-126.058.071.254.593;138.125.451.273.168;-126.058.071.254.593;0.00808333333333335;Pregnant
Y1481;4;-18.63;11.98;yes;3;2;9.2;7;6/10/2016;2/12/2017;;9.83;0.011123378112371;9/29/2016;247;Y1481-2016-09-29;-18.63;11.98;507.927.387.245.883;-182.156.109.823.901;111.941.013.775.225;-182.156.109.823.901;-0.125883333333333;Pregnant
Y1481;5;-18.14;13.17;yes;3;2;9.2;6.6;6/10/2016;2/12/2017;;9.83;0.011123378112371;9/18/2016;247;Y1481-2016-09-18;-18.14;13.17;508.989.532.527.008;-18.215.701.768.171;1.000.556.472.756;-18.215.701.768.171;-0.166876676986584;Pregnant
Y1481;6;-17.58;14.39;yes;3;2;9.2;6.2;6/10/2016;2/12/2017;;9.83;0.011123378112371;9/7/2016;247;Y1481-2016-09-07;-17.58;14.39;510.048.459.583.781;-1.821.436.164.821;895.596.891.356.591;-1.821.436.164.821;-0.153209872721018;Pregnant
Y1481;7;-17.55;14.77;yes;3;2;9.2;5.8;6/10/2016;2/12/2017;;9.83;0.011123378112371;8/29/2016;247;Y1481-2016-08-29;-17.55;14.77;51.081.808.720.478;-18.168.467.426.123;801.620.289.441.391;-18.168.467.426.123;-0.22868909679185;Pregnant
Y1481;8;-18.11;13.27;yes;3;2;9.2;5.4;6/10/2016;2/12/2017;;9.83;0.011123378112371;8/20/2016;247;Y1481-2016-08-20;-18.11;13.27;516.636.790.345.731;-174.281.411.123.944;716.544.328.575.498;-174.281.411.123.944;-0.104188814616756;Pregnant
Y1481;9;-18.34;12.36;yes;3;2;9.2;4.9;6/10/2016;2/12/2017;;9.83;0.011123378112371;8/11/2016;247;Y1481-2016-08-11;-18.105;13.25;537.490.071.958.993;-161.446.797.230.973;62.040.500.568.524;-161.446.797.230.973;-0.0861986111111111;Pregnant
Y1481;10;-17.87;14.14;yes;3;2;9.2;4.6;6/10/2016;2/12/2017;;9.83;0.011123378112371;8/5/2016;247;Y1481-2016-08-05;-17.87;14.14;539.923.194.310.364;-152.282.315.752.125;567.298.575.763.101;-152.282.315.752.125;-0.0496528787878788;Pregnant
Y1481;11;-17.57;15.08;yes;3;2;9.2;4.1;6/10/2016;2/12/2017;;9.83;0.011123378112371;7/28/2016;247;Y1481-2016-07-28;-17.57;15.08;520.787.608.431.734;-142.989.666.095.135;485.215.370.708.428;-142.989.666.095.135;-0.236247222222222;Pregnant
